s1	1	37	37
s7	6	37	37
s8	7	43	46
s10	9	44	37
s13	7	46	37
s14	6	47	37
s17	1	46	37
s19	11	37	37
s23	9	46	37
s24	6	37	37
s25	9	46	63
s27	9	46	61
s28	9	37	37
s29	12	51	37
s30	11	37	37
s31	7	43	46
s36	7	46	56
s37	14	44	46
s39	14	44	37
s42	14	54	44
s43	7	55	56
s44	14	55	56
s45	14	55	56
s46	1	37	37
s47	14	37	37
s49	7	56	37
s52	14	57	46
s53	14	57	46
s54	14	57	46
s55	14	57	46
s57	14	57	46
s58	14	57	46
s59	14	57	46
s60	14	57	46
s61	14	57	46
s62	14	57	46
s63	14	57	46
s64	14	57	46
s65	6	37	37
s69	1	46	60
s72	6	37	37
s74	7	46	37
s76	6	37	37
s78	6	47	37
s79	9	44	46
s80	9	44	46
s81	6	37	37
s82	14	37	37
s85	14	47	44
s87	17	56	37
s89	1	60	37
s91	18	56	37
s92	1	46	37
s94	7	46	63
s95	6	47	37
s97	1	61	37
s102	1	60	37
s104	7	46	56
s106	14	47	44
s108	6	44	37
s113	7	37	37
s114	9	63	37
s115	7	46	56
s116	7	63	37
s117	9	44	43
s118	1	37	37
s119	7	46	56
s120	7	46	63
s123	11	37	37
s127	7	46	63
s128	6	47	37
s129	7	46	56
s130	7	37	37
s131	6	61	37
s132	14	54	64
s134	14	51	37
s135	14	44	37
s136	14	37	37
s137	7	63	37
s138	14	47	37
s139	7	63	37
s140	19	47	44
s141	7	46	56
s142	14	37	37
s143	7	37	37
s144	14	51	37
s145	9	64	37
s146	9	64	61
s147	9	61	37
s150	14	47	37
s151	11	37	37
s152	14	46	37
s153	9	37	37
s156	14	65	64
s157	9	44	63
s158	18	56	37
s159	9	63	37
s160	9	44	46
s162	9	64	51
s163	7	37	37
s164	9	63	37
s165	14	47	37
s167	19	44	37
s168	6	47	37
s169	14	65	47
s170	14	44	37
s171	1	61	37
s172	7	66	37
s173	9	61	37
s174	1	67	37
s175	14	44	37
s176	7	63	37
s177	14	47	37
s178	14	54	37
s179	14	47	37
s180	9	63	37
s181	9	63	37
s183	9	37	37
s184	14	54	37
s186	1	60	37
s189	9	46	37
s191	7	46	37
s192	7	43	37
s193	14	47	46
s196	9	44	46
s197	9	63	37
s200	9	44	46
s201	14	55	46
s202	7	46	56
s203	9	46	61
s204	9	46	37
s205	9	46	37
s206	9	46	51
s207	7	43	46
s208	14	46	61
s209	7	46	61
s210	7	46	61
s211	12	46	37
s212	12	46	37
s215	14	46	37
s216	14	44	46
s217	9	44	43
s218	9	44	46
s222	1	37	37
s228	7	43	63
s229	14	37	37
s230	12	37	37
s231	1	60	37
s232	6	44	37
s234	1	61	37
s236	1	67	60
s237	12	46	56
s238	12	46	56
s239	12	46	56
s240	12	46	56
s241	14	57	37
s245	7	46	56
s247	7	46	63
s248	14	44	37
s250	6	47	61
s251	7	46	63
s252	7	43	63
s253	17	56	37
s254	7	46	63
s256	1	46	37
s257	7	46	37
s258	7	46	63
s259	9	44	46
s260	9	44	46
s262	9	46	63
s263	1	67	60
s265	9	43	37
s268	19	44	43
s269	7	46	37
s271	14	37	37
s279	21	37	37
s280	14	57	65
s282	9	46	37
s283	7	43	46
s284	1	46	37
s285	9	63	37
s286	7	46	37
s291	1	60	37
s293	9	44	43
s294	9	46	63
s295	17	61	37
s296	14	47	37
s299	9	44	46
s300	12	43	46
s301	6	61	37
s302	14	47	46
s303	1	46	37
s304	9	64	46
s305	1	37	37
s306	19	44	46
s307	7	46	37
s308	12	37	37
s309	23	37	37
s315	7	43	63
s316	7	46	37
s318	1	67	37
s319	1	46	37
s326	6	47	37
s327	6	47	37
s328	14	51	37
s329	14	37	37
s330	7	37	37
s331	6	47	51
s333	14	55	51
s334	19	47	64
s335	7	63	37
s336	7	56	37
s338	9	63	37
s340	7	43	46
s341	14	51	56
s342	7	43	37
s343	9	37	37
s344	7	37	37
s345	6	47	44
s346	6	47	37
s347	14	47	37
s348	6	47	51
s349	9	37	37
s350	7	60	37
s351	14	44	51
s352	14	47	64
s353	9	44	37
s354	12	37	37
s355	14	47	37
s356	7	56	37
s357	14	37	37
s358	7	43	56
s359	11	37	37
s360	21	37	37
s361	9	63	37
s363	7	46	37
s364	14	46	56
s366	7	43	46
s368	1	46	37
s372	7	43	46
s373	14	46	37
s374	14	47	46
s375	9	46	63
s376	9	63	37
s378	14	46	37
s379	1	37	37
s384	14	46	37
s385	11	37	37
s388	9	44	46
s390	7	46	56
s393	14	44	37
s394	6	60	37
s395	7	43	46
s396	9	46	37
s397	14	55	46
s399	12	46	56
s403	7	63	37
s405	1	37	37
s406	6	37	37
s407	6	37	37
s408	6	37	37
s409	6	37	37
s410	6	37	37
s411	6	37	37
s412	6	37	37
s413	6	37	37
s414	6	37	37
s415	6	37	37
s416	6	37	37
s417	6	37	37
s418	6	37	37
s419	6	37	37
s420	6	60	37
s421	6	37	37
s422	6	37	37
s423	6	37	37
s424	6	37	37
s425	6	37	37
s427	7	37	37
s428	9	46	37
s429	26	65	46
s430	7	46	56
s433	6	37	37
s434	9	44	43
s437	7	46	63
s438	14	37	37
s439	7	46	63
s440	7	46	56
s442	12	67	37
s444	9	46	37
s446	7	43	56
s447	7	37	37
s448	7	63	37
s449	7	63	37
s450	7	63	37
s451	7	63	37
s452	14	44	63
s453	9	44	46
s455	9	64	37
s456	1	46	61
s458	1	46	60
s459	7	46	63
s461	6	47	60
s462	9	44	43
s463	1	37	37
s464	12	46	37
s465	14	47	37
s468	1	46	37
s469	9	44	46
s470	7	43	37
s471	23	37	37
s472	6	44	46
s474	1	60	37
s475	14	47	37
s476	21	37	37
s477	9	71	46
s480	12	37	37
s481	9	44	46
s482	14	44	46
s484	7	46	63
s485	21	37	37
s486	11	37	37
s487	6	47	51
s490	9	46	37
s492	9	44	63
s493	7	63	37
s495	9	61	37
s496	1	46	37
s497	14	46	37
s499	7	46	37
s501	14	46	37
s502	7	46	37
s503	7	46	63
s506	7	46	37
s507	17	63	37
s508	9	46	37
s509	7	46	37
s519	7	46	37
s529	7	46	63
s530	7	46	37
s532	7	46	37
s535	7	46	37
s542	9	44	46
s543	7	46	37
s551	12	67	37
s552	17	63	56
s553	9	46	37
s555	7	46	56
s556	14	64	46
s557	12	46	56
s558	12	51	37
s559	14	37	37
s560	14	37	37
s561	1	60	37
s562	14	47	37
s563	9	37	37
s564	14	47	51
s565	9	44	43
s567	14	47	37
s568	14	56	37
s569	6	47	37
s570	7	46	63
s571	14	46	37
s573	9	44	46
s574	6	47	37
s575	6	47	37
s576	9	44	63
s577	7	66	46
s579	7	63	37
s580	14	54	47
s581	14	57	46
s582	14	51	37
s583	9	44	37
s584	9	63	37
s585	9	37	37
s586	7	63	37
s587	12	37	37
s590	7	46	37
s592	7	63	37
s593	9	63	37
s594	6	47	37
s595	14	51	37
s596	6	47	37
s597	9	44	43
s598	14	47	60
s599	7	56	37
s600	7	37	37
s601	11	37	37
s602	14	65	54
s603	14	65	44
s604	6	44	37
s605	7	37	37
s606	14	37	37
s607	7	46	37
s608	12	56	37
s609	14	37	37
s610	14	63	37
s611	14	55	51
s612	14	55	51
s613	14	55	51
s614	7	46	56
s615	7	63	51
s616	7	61	63
s617	7	37	37
s619	14	47	37
s620	7	46	37
s623	11	37	37
s624	9	44	46
s625	7	46	56
s630	7	46	37
s631	7	37	37
s633	9	46	37
s634	7	43	46
s635	1	46	37
s636	7	46	37
s637	14	37	37
s642	1	60	37
s644	12	37	37
s645	9	63	37
s646	1	46	37
s647	9	46	61
s650	7	46	63
s651	7	46	37
s652	9	44	46
s653	9	44	46
s655	9	44	46
s656	9	44	46
s657	17	61	63
s671	14	57	46
s672	14	57	46
s673	14	57	46
s684	7	46	37
s686	7	37	37
s688	14	44	46
s689	9	46	63
s690	14	57	54
s691	14	46	37
s694	9	44	46
s695	9	44	43
s696	7	46	37
s699	7	43	46
s702	7	37	37
s703	9	44	43
s705	9	44	46
s706	1	46	60
s709	7	43	37
s712	7	46	56
s713	14	44	46
s717	1	37	37
s718	1	37	37
s719	9	43	37
s722	14	37	37
s723	1	37	37
s725	1	37	37
s728	1	37	37
s729	12	37	37
s730	23	37	37
s731	23	37	37
s733	23	37	37
s736	9	44	46
s737	6	44	46
s739	26	71	37
s740	6	47	37
s741	9	55	37
s742	7	46	37
s743	7	46	37
s744	7	43	63
s746	17	56	37
s747	7	56	37
s748	9	44	46
s751	7	43	46
s753	14	47	51
s755	7	43	37
s756	6	71	46
s757	7	46	63
s758	1	37	37
s760	23	37	37
s761	23	37	37
s763	9	46	63
s765	9	46	63
s766	14	46	37
s767	21	37	37
s769	9	44	46
s770	1	46	37
s771	1	46	61
s774	7	46	56
s775	7	66	63
s776	7	43	67
s777	14	37	37
s778	9	43	67
s780	14	64	51
s782	1	37	37
s783	7	63	37
s784	9	46	61
s785	9	44	43
s787	14	44	37
s788	14	37	37
s789	11	37	37
s791	1	37	37
s792	14	44	37
s793	9	44	63
s794	9	63	37
s795	9	44	46
s797	28	55	37
s798	7	37	37
s799	9	44	43
s800	7	60	37
s801	7	43	67
s802	14	44	60
s803	14	37	37
s805	12	56	37
s807	14	44	46
s808	14	44	46
s809	14	37	37
s810	14	47	37
s811	14	54	64
s812	6	37	37
s813	14	37	37
s815	9	63	37
s816	7	46	67
s817	11	37	37
s818	9	44	43
s819	9	44	63
s820	14	54	37
s822	7	63	56
s823	12	37	37
s824	9	44	43
s825	11	37	37
s827	21	37	37
s828	9	46	37
s829	7	37	37
s830	6	47	37
s835	6	44	66
s837	12	46	56
s839	21	37	37
s840	7	43	46
s841	7	46	60
s842	14	44	46
s845	1	46	37
s846	7	46	56
s847	6	47	51
s850	17	61	37
s851	7	46	61
s852	7	46	61
s853	7	46	61
s854	14	55	37
s855	1	37	37
s857	7	46	37
s859	7	43	46
s860	7	46	37
s861	1	46	67
s862	6	47	37
s864	6	47	37
s865	7	46	56
s866	14	44	37
s867	11	37	37
s868	1	37	37
s871	1	37	37
s872	9	44	46
s873	7	43	51
s874	7	43	46
s876	7	46	63
s878	9	43	46
s879	7	46	56
s882	7	46	56
s883	6	47	37
s886	9	44	46
s888	12	46	56
s889	9	37	37
s890	7	56	37
s892	29	46	56
s893	7	43	46
s894	1	46	61
s895	7	43	46
s896	7	46	56
s899	9	44	46
s900	7	46	37
s902	29	56	37
s904	7	46	56
s905	14	37	37
s906	14	44	46
s907	7	46	37
s908	1	37	37
s910	7	43	46
s911	7	37	37
s913	9	37	37
s914	7	46	63
s915	1	37	37
s916	7	46	56
s917	14	37	37
s918	1	44	37
s923	7	43	56
s925	6	47	37
s927	14	44	37
s929	14	60	37
s930	14	55	37
s931	14	47	37
s932	9	37	37
s933	14	37	37
s934	6	44	37
s935	7	43	37
s936	6	47	37
s938	6	47	37
s939	6	47	61
s940	6	61	37
s941	6	47	37
s942	6	47	37
s943	7	56	37
s944	14	44	60
s945	14	37	37
s946	7	46	37
s947	14	51	37
s948	7	56	37
s949	9	37	37
s950	14	51	37
s951	7	46	51
s952	9	63	37
s953	14	47	37
s954	7	56	37
s955	6	47	37
s956	14	37	37
s957	9	43	63
s959	7	46	37
s960	7	43	46
s962	6	47	37
s963	12	37	37
s965	12	56	37
s967	9	46	37
s970	7	37	37
s971	14	51	37
s972	11	37	37
s974	7	46	37
s975	7	43	46
s976	14	47	44
s977	9	46	37
s978	9	46	37
s979	9	46	63
s980	9	46	37
s981	9	46	37
s982	14	47	46
s983	9	44	46
s984	1	46	61
s985	9	46	37
s986	9	46	63
s987	9	46	63
s988	9	46	37
s990	9	46	37
s991	9	46	37
s992	7	43	46
s993	17	61	37
s995	7	46	63
s996	9	44	46
s997	12	46	56
s999	1	46	37
s1000	7	46	56
s1001	14	46	37
s1002	7	46	56
s1003	9	46	37
s1006	6	47	37
s1007	6	47	37
s1008	6	47	37
s1009	6	37	37
s1010	6	37	37
s1011	6	37	37
s1012	1	37	37
s1014	11	37	37
s1016	7	37	37
s1017	14	47	46
s1018	7	46	37
s1019	9	46	61
s1020	7	46	61
s1021	1	46	37
s1022	9	44	43
s1023	7	46	37
s1024	7	43	46
s1025	6	47	61
s1027	6	37	37
s1028	12	63	51
s1029	9	37	37
s1030	7	46	37
s1031	6	47	44
s1032	7	46	63
s1034	14	44	46
s1035	11	37	37
s1036	7	37	37
s1037	14	51	37
s1038	9	44	46
s1040	1	61	37
s1042	14	57	55
s1047	11	37	37
s1051	7	46	67
s1053	7	43	37
s1054	1	61	37
s1055	1	46	61
s1056	28	44	61
s1067	7	46	56
s1070	7	46	63
s1071	1	37	37
s1072	6	61	37
s1073	6	47	61
s1074	6	61	37
s1075	6	37	37
s1077	6	37	37
s1078	6	37	37
s1079	6	37	37
s1081	14	57	46
s1084	9	37	37
s1086	7	46	37
s1087	7	46	56
s1088	9	55	46
s1089	14	47	37
s1090	7	37	37
s1091	7	46	63
s1093	1	61	37
s1097	6	47	37
s1098	1	37	37
s1099	9	44	46
s1100	7	46	37
s1101	12	56	37
s1102	6	47	51
s1103	9	37	37
s1104	14	44	46
s1105	6	47	44
s1106	7	43	37
s1107	14	37	37
s1108	7	66	46
s1109	17	56	37
s1110	9	46	63
s1111	7	46	37
s1112	9	63	37
s1113	6	47	37
s1114	14	51	37
s1115	9	44	46
s1116	9	46	60
s1118	1	46	37
s1119	12	56	37
s1120	14	55	37
s1121	14	51	37
s1122	9	63	37
s1123	7	46	37
s1125	14	37	37
s1127	19	61	37
s1129	14	46	37
s1131	14	44	46
s1132	14	44	46
s1133	14	44	46
s1134	14	37	37
s1135	14	51	37
s1136	14	37	37
s1137	7	46	63
s1138	14	46	61
s1139	7	43	46
s1140	12	56	37
s1141	14	37	37
s1142	7	46	56
s1143	1	37	37
s1145	9	63	37
s1146	7	37	37
s1148	1	46	60
s1151	1	37	37
s1152	6	37	37
s1154	7	46	37
s1155	7	37	37
s1156	1	46	37
s1157	6	66	61
s1158	9	37	37
s1160	7	46	37
s1161	7	43	56
s1162	1	37	37
s1163	7	46	37
s1165	9	46	37
s1166	9	44	46
s1168	7	46	63
s1171	6	47	37
s1172	1	37	37
s1173	21	37	37
s1176	7	43	46
s1177	7	46	37
s1178	12	46	37
s1179	14	37	37
s1184	17	61	37
s1185	14	46	37
s1186	9	46	63
s1188	11	37	37
s1189	14	47	46
s1190	21	37	37
s1191	14	37	37
s1192	21	37	37
s1193	7	46	37
s1194	1	46	61
s1195	7	46	56
s1196	1	37	37
s1198	7	61	37
s1199	21	37	37
s1200	7	56	37
s1203	7	46	63
s1204	6	44	37
s1205	1	37	37
s1208	1	37	37
s1209	9	46	37
s1210	9	44	46
s1212	7	46	37
s1213	7	46	37
s1215	7	46	61
s1216	9	46	63
s1217	9	46	63
s1219	6	47	37
s1220	9	44	43
s1221	7	43	46
s1222	7	46	37
s1223	12	43	37
s1229	7	43	46
s1231	9	44	43
s1233	9	44	46
s1234	9	46	37
s1237	14	44	46
s1238	9	46	63
s1240	14	37	37
s1241	7	63	37
s1242	9	44	61
s1244	7	37	37
s1245	14	47	46
s1248	14	44	46
s1249	1	61	37
s1250	21	37	37
s1251	1	46	61
s1252	14	54	44
s1253	9	46	37
s1254	6	47	37
s1255	19	44	37
s1256	14	44	46
s1257	9	64	61
s1259	6	47	37
s1260	9	44	43
s1261	9	46	63
s1262	7	43	46
s1263	9	44	37
s1264	14	37	37
s1265	9	44	43
s1266	17	56	37
s1267	7	43	46
s1268	17	56	37
s1270	7	46	63
s1274	17	56	37
s1277	7	46	37
s1279	21	37	37
s1280	1	46	37
s1281	1	46	60
s1282	7	46	37
s1284	12	56	37
s1285	12	37	37
s1287	9	44	43
s1288	9	44	37
s1289	7	56	37
s1290	1	46	61
s1291	9	67	56
s1292	7	43	46
s1293	1	46	37
s1296	9	44	43
s1298	12	37	37
s1304	1	37	37
s1305	6	37	37
s1306	14	47	44
s1308	6	47	44
s1310	11	37	37
s1312	9	44	46
s1313	7	43	67
s1316	21	37	37
s1317	7	46	63
s1319	9	63	37
s1320	6	37	37
s1323	9	44	46
s1324	7	46	63
s1325	7	43	63
s1326	17	56	37
s1327	9	46	63
s1328	1	61	37
s1330	9	46	37
s1331	7	63	37
s1334	9	44	37
s1335	14	46	37
s1337	21	37	37
s1338	7	43	46
s1341	7	46	37
s1342	7	43	37
s1343	14	44	46
s1344	1	37	37
s1345	7	46	63
s1346	14	46	37
s1347	9	44	46
s1348	14	46	37
s1352	7	66	46
s1354	14	47	37
s1358	7	37	37
s1359	11	37	37
s1360	7	46	56
s1365	6	51	37
s1367	7	66	37
s1368	12	37	37
s1369	14	46	37
s1370	6	47	37
s1371	7	46	37
s1373	6	44	46
s1375	1	46	60
s1377	9	44	43
s1379	6	44	37
s1380	7	46	37
s1382	9	46	63
s1383	7	46	63
s1387	9	46	67
s1388	7	56	37
s1389	7	37	37
s1390	9	37	37
s1391	7	37	37
s1392	7	37	37
s1394	11	37	37
s1397	14	37	37
s1398	7	51	37
s1399	12	37	37
s1400	7	43	37
s1404	6	47	44
s1406	14	37	37
s1407	6	47	37
s1408	6	37	37
s1410	11	37	37
s1411	7	46	37
s1412	1	37	37
s1413	7	46	67
s1414	7	46	37
s1415	9	44	46
s1416	7	56	37
s1418	17	56	37
s1419	21	37	37
s1421	1	37	37
s1422	9	44	46
s1423	7	46	37
s1424	9	46	63
s1425	6	47	37
s1426	1	37	37
s1427	7	46	37
s1429	7	43	46
s1432	9	44	46
s1434	7	46	37
s1435	6	47	37
s1436	7	37	37
s1437	1	46	61
s1439	1	46	60
s1442	14	47	46
s1445	9	63	60
s1446	14	47	46
s1447	9	37	37
s1448	12	56	37
s1451	21	37	37
s1452	6	44	60
s1453	7	43	37
s1454	6	47	37
s1455	1	37	37
s1457	14	44	43
s1459	14	37	37
s1460	9	37	37
s1462	9	44	43
s1465	1	37	37
s1467	1	37	37
s1468	14	56	37
s1469	9	46	37
s1470	19	44	43
s1471	7	67	37
s1472	21	37	37
s1473	9	44	46
s1475	14	44	66
s1476	9	44	46
s1482	12	46	37
s1485	7	37	37
s1486	6	47	37
s1487	9	37	37
s1489	7	46	37
s1491	6	37	37
s1492	9	44	46
s1494	17	63	37
s1495	6	47	37
s1496	9	44	46
s1497	6	44	46
s1498	7	46	63
s1499	14	47	43
s1500	7	37	37
s1501	7	46	67
s1502	7	63	37
s1503	21	37	37
s1505	32	37	37
s1508	6	47	37
s1510	1	61	37
s1511	9	37	37
s1512	9	46	37
s1513	21	37	37
s1514	7	37	37
s1516	9	37	37
s1518	7	61	37
s1519	1	61	37
s1520	6	47	44
s1522	7	43	46
s1523	7	46	63
s1524	9	44	46
s1525	14	37	37
s1526	7	46	63
s1527	9	46	63
s1530	17	63	37
s1532	7	46	63
s1535	7	46	67
s1537	12	56	37
s1538	7	37	37
s1541	7	56	37
s1543	21	37	37
s1545	7	43	60
s1550	7	43	37
s1551	9	63	37
s1554	9	37	37
s1557	6	37	37
s1558	6	44	37
s1559	1	37	37
s1561	9	67	61
s1562	7	46	60
s1564	7	67	37
s1566	17	63	37
s1567	7	46	63
s1568	9	46	67
s1569	7	43	46
s1572	9	44	46
s1576	1	46	37
s1577	6	47	37
s1578	1	46	61
s1581	6	37	37
s1582	6	37	37
s1583	7	56	37
s1585	14	44	37
s1589	6	37	37
s1592	6	47	37
s1593	9	46	56
s1595	9	46	37
s1596	7	43	37
s1598	6	44	37
s1599	7	46	63
s1600	9	44	46
s1601	6	37	37
s1602	9	46	37
s1603	9	44	46
s1605	21	37	37
s1607	9	44	46
s1608	21	37	37
s1609	14	37	37
s1610	6	37	37
s1611	11	37	37
s1613	9	43	37
s1614	7	46	63
s1617	6	47	37
s1618	9	37	37
s1621	14	37	37
s1622	14	37	37
s1625	11	37	37
s1627	14	47	37
s1630	12	46	37
s1631	7	46	37
s1632	11	37	37
s1633	6	37	37
s1634	14	37	37
s1636	6	37	37
s1637	6	71	37
s1638	12	46	37
s1643	14	46	37
s1644	17	56	37
s1645	9	46	67
s1646	21	37	37
s1647	14	44	46
s1648	9	46	63
s1649	12	37	37
s1651	32	37	37
s1652	6	47	37
s1653	12	46	56
s1654	12	46	56
s1656	6	47	37
s1657	7	37	37
s1658	7	46	37
s1660	14	37	37
s1661	1	61	37
s1663	14	47	46
s1664	6	61	37
s1665	14	37	37
s1666	17	56	37
s1667	6	37	37
s1670	7	37	37
s1672	6	47	37
s1674	7	46	37
s1675	14	47	46
s1676	9	46	61
s1677	7	46	63
s1678	17	63	37
s1679	17	56	37
s1680	14	44	46
s1681	7	46	56
s1682	6	47	44
s1683	9	44	46
s1684	9	46	37
s1686	7	46	37
s1687	21	37	37
s1690	7	63	37
s1691	1	37	37
s1692	32	63	37
s1695	6	47	37
s1696	33	37	37
s1700	6	54	47
s1701	11	37	37
s1703	6	47	37
s1704	6	61	37
s1705	1	46	37
s1706	7	46	37
s1708	17	63	37
s1710	7	46	63
s1711	7	43	37
s1713	9	44	46
s1714	7	46	67
s1715	12	37	37
s1720	1	46	37
s1721	7	46	37
s1726	7	46	37
s1728	7	46	37
s1729	7	43	46
s1730	9	37	37
s1732	7	67	63
s1733	7	46	63
s1735	9	63	37
s1736	7	46	63
s1737	6	47	63
s1739	7	63	37
s1740	9	44	63
s1742	7	46	37
s1743	21	37	37
s1744	7	46	37
s1745	1	46	37
s1746	1	37	37
s1748	18	56	37
s1750	6	47	37
s1752	6	37	37
s1753	6	37	37
s1754	6	37	37
s1762	6	47	37
s1763	14	37	37
s1764	7	43	56
s1765	7	56	37
s1768	7	37	37
s1769	14	44	60
s1771	9	60	37
s1773	14	44	46
s1775	7	43	56
s1776	12	43	37
s1777	7	46	37
s1778	12	46	37
s1781	7	46	56
s1784	12	46	37
s1785	12	46	37
s1786	9	63	37
s1787	17	37	37
s1788	32	37	37
s1789	12	46	37
s1790	1	37	37
s1793	1	46	60
s1794	9	37	37
s1796	9	46	61
s1797	14	44	43
s1798	7	61	37
s1799	9	46	67
s1802	6	61	37
s1803	7	56	37
s1806	1	37	37
s1807	12	46	37
s1808	7	46	63
s1809	9	44	61
s1810	7	46	63
s1811	7	43	37
s1812	9	44	43
s1813	1	46	37
s1815	7	63	56
s1816	6	37	37
s1817	14	55	37
s1818	19	44	46
s1819	7	46	61
s1820	9	44	46
s1821	1	46	37
s1822	7	43	46
s1823	19	44	43
s1824	1	46	37
s1825	7	46	37
s1826	7	46	63
s1827	7	43	46
s1828	7	43	46
s1830	7	46	37
s1831	9	46	63
s1832	1	46	37
s1833	7	46	37
s1834	6	47	37
s1836	14	37	37
s1837	9	46	63
s1839	14	37	37
s1843	7	37	37
s1844	12	56	37
s1845	6	37	37
s1846	14	37	37
s1847	14	47	46
s1850	7	46	37
s1851	7	46	63
s1854	1	46	37
s1856	14	46	63
s1857	1	61	37
s1858	1	46	37
s1859	17	63	56
s1860	6	37	37
s1862	9	44	46
s1863	28	44	46
s1864	9	46	63
s1866	9	46	37
s1867	7	46	37
s1868	12	37	37
s1870	9	46	63
s1871	9	46	37
s1872	6	37	37
s1873	9	44	43
s1875	1	46	61
s1877	7	46	37
s1880	9	55	37
s1882	9	37	37
s1883	1	61	37
s1884	6	37	37
s1885	7	63	37
s1887	1	37	37
s1888	1	67	37
s1889	7	46	60
s1892	9	46	63
s1893	6	37	37
s1897	7	46	37
s1898	9	44	46
s1899	12	46	56
s1900	9	46	63
s1901	9	55	37
s1902	9	46	63
s1903	14	47	46
s1904	7	56	37
s1905	1	67	37
s1906	14	44	46
s1910	14	44	37
s1912	1	37	37
s1913	14	47	44
s1914	1	46	37
s1917	1	61	37
s1920	9	46	63
s1921	9	43	46
s1922	14	44	37
s1925	7	56	37
s1927	1	37	37
s1928	7	46	37
s1931	7	46	56
s1932	7	67	37
s1933	1	67	37
s1935	1	37	37
s1936	21	37	37
s1937	14	37	37
s1938	1	46	61
s1939	7	43	46
s1940	9	44	46
s1941	9	46	61
s1942	9	46	61
s1943	9	46	63
s1944	9	46	61
s1945	7	46	63
s1946	7	46	56
s1947	9	46	61
s1951	7	43	46
s1954	7	46	37
s1957	1	46	61
s1958	14	51	60
s1960	14	65	44
s1961	1	37	37
s1963	1	37	37
s1964	7	46	37
s1965	14	46	37
s1966	14	46	37
s1967	14	46	37
s1968	14	46	37
s1969	14	46	37
s1970	14	46	37
s1971	12	46	56
s1972	9	46	37
s1973	14	46	37
s1975	7	46	63
s1976	9	46	37
s1977	7	46	56
s1978	7	43	46
s1982	9	46	63
s1983	17	56	37
s1985	1	46	61
s1986	6	47	37
s1987	17	56	37
s1988	7	43	37
s1993	21	37	37
s1996	7	56	37
s1997	7	46	56
s1998	14	46	37
s2000	1	46	37
s2001	21	37	37
s2002	7	43	63
s2004	6	47	37
s2005	6	37	37
s2006	7	46	61
s2008	6	47	44
s2011	6	37	37
s2012	6	47	37
s2015	21	37	37
s2016	7	46	56
s2017	7	46	37
s2018	7	46	37
s2019	7	46	37
s2020	9	44	46
s2021	6	44	46
s2024	7	46	63
s2025	9	46	63
s2026	9	44	46
s2027	9	44	46
s2028	6	37	37
s2029	7	46	56
s2030	9	55	37
s2031	9	44	43
s2032	7	46	37
s2035	9	46	61
s2036	1	37	37
s2037	12	46	56
s2039	6	71	46
s2040	7	43	46
s2042	1	37	37
s2044	7	37	37
s2046	7	43	37
s2047	9	44	46
s2049	9	44	43
s2050	9	46	63
s2051	21	37	37
s2052	7	43	46
s2053	9	43	63
s2056	7	43	46
s2057	6	47	37
s2058	1	46	61
s2060	14	44	63
s2061	17	63	37
s2062	6	61	37
s2066	26	46	37
s2068	14	57	46
s2072	6	47	37
s2073	9	37	37
s2075	9	44	46
s2076	1	46	60
s2077	6	47	37
s2078	7	46	60
s2080	6	47	37
s2082	6	37	37
s2083	9	46	63
s2084	14	37	37
s2085	7	37	37
s2088	14	46	37
s2089	17	56	37
s2091	9	44	43
s2092	12	46	56
s2093	7	66	37
s2095	7	46	67
s2096	1	37	37
s2098	1	46	60
s2101	7	56	37
s2104	7	46	56
s2105	12	43	46
s2108	14	65	47
s2110	1	67	37
s2111	9	46	37
s2112	7	46	37
s2115	6	47	37
s2116	9	37	37
s2117	9	44	46
s2118	9	44	46
s2120	1	66	46
s2121	7	46	61
s2122	14	51	37
s2127	9	46	61
s2129	1	46	60
s2130	6	47	37
s2131	7	43	37
s2132	6	37	37
s2133	14	37	37
s2138	9	44	46
s2139	7	43	37
s2140	7	43	56
s2142	14	44	46
s2143	6	47	51
s2144	21	37	37
s2147	7	63	37
s2148	7	46	37
s2150	12	56	37
s2151	9	46	37
s2155	1	37	37
s2156	6	37	37
s2160	9	37	37
s2162	1	46	61
s2164	1	46	60
s2165	17	56	37
s2167	6	37	37
s2168	6	47	37
s2170	21	37	37
s2172	9	44	43
s2173	9	37	37
s2177	14	37	37
s2178	6	37	37
s2180	7	63	37
s2183	21	37	37
s2184	34	56	37
s2186	6	47	37
s2187	7	46	56
s2188	9	46	63
s2189	6	37	37
s2192	7	46	37
s2194	9	44	43
s2196	9	46	63
s2197	7	46	56
s2198	7	43	46
s2199	7	46	56
s2200	1	37	37
s2201	1	37	37
s2203	9	44	43
s2205	9	46	37
s2206	14	46	37
s2207	7	43	46
s2208	6	47	37
s2209	6	47	37
s2210	7	46	37
s2211	17	56	37
s2212	7	46	63
s2214	9	63	37
s2216	6	47	37
s2217	7	46	37
s2220	1	61	37
s2221	14	44	46
s2222	21	37	37
s2225	7	46	37
s2229	1	37	37
s2232	9	46	37
s2233	11	37	37
s2234	9	46	63
s2235	7	46	63
s2237	6	47	37
s2240	7	46	56
s2241	9	46	37
s2243	21	37	37
s2244	1	46	61
s2245	7	46	37
s2248	9	46	37
s2249	1	37	37
s2251	14	37	37
s2253	9	46	37
s2257	1	60	37
s2258	1	67	37
s2260	9	43	37
s2261	6	37	37
s2262	21	37	37
s2263	1	60	37
s2264	17	61	37
s2265	9	46	61
s2266	14	47	44
s2267	7	46	63
s2268	7	46	37
s2269	14	47	44
s2270	7	43	46
s2271	9	46	61
s2272	9	44	46
s2273	7	46	56
s2274	14	44	46
s2275	14	47	46
s2277	7	46	63
s2278	7	46	56
s2279	7	46	60
s2280	7	43	46
s2281	9	46	63
s2282	9	44	46
s2283	9	44	46
s2284	7	43	63
s2285	7	43	46
s2286	14	46	37
s2287	9	44	46
s2288	9	44	46
s2289	14	44	43
s2290	7	46	56
s2291	9	44	46
s2292	9	46	37
s2295	9	63	37
s2296	7	46	37
s2297	1	37	37
s2301	9	44	46
s2303	21	37	37
s2305	1	46	37
s2309	7	46	37
s2310	14	47	46
s2311	1	61	37
s2312	11	37	37
s2313	9	46	37
s2315	14	46	63
s2316	9	37	37
s2317	1	46	37
s2318	14	51	37
s2320	9	46	63
s2322	21	37	37
s2324	14	44	46
s2325	7	46	63
s2326	1	46	37
s2327	7	46	37
s2329	6	44	43
s2331	9	61	63
s2333	9	46	63
s2334	7	43	46
s2335	7	46	63
s2336	7	46	63
s2337	7	46	37
s2339	17	63	37
s2340	14	44	46
s2341	7	46	63
s2342	1	60	37
s2343	12	46	37
s2345	7	43	46
s2346	21	37	37
s2348	7	43	46
s2349	9	46	63
s2351	7	43	56
s2352	7	46	37
s2354	9	44	46
s2355	7	46	37
s2356	1	67	37
s2357	6	47	44
s2359	14	44	46
s2361	7	46	63
s2362	7	46	37
s2364	7	46	56
s2365	26	65	46
s2366	19	44	46
s2367	19	44	46
s2368	19	44	43
s2369	19	44	46
s2370	19	44	46
s2371	1	46	60
s2372	9	46	37
s2373	1	46	61
s2374	14	54	44
s2375	7	46	63
s2376	19	44	46
s2377	19	44	46
s2378	6	47	37
s2380	9	43	37
s2381	6	44	66
s2382	7	46	37
s2383	12	56	37
s2385	1	61	37
s2386	6	60	37
s2387	14	44	46
s2388	7	46	56
s2390	7	46	37
s2392	7	46	63
s2393	9	44	43
s2394	14	44	37
s2398	21	37	37
s2399	26	65	37
s2403	9	44	46
s2404	9	46	37
s2408	9	44	43
s2411	14	46	51
s2412	7	63	37
s2413	7	46	63
s2414	17	56	37
s2415	7	43	46
s2417	7	43	37
s2419	7	46	37
s2420	9	63	37
s2421	7	46	37
s2422	9	46	37
s2425	14	44	43
s2426	7	46	63
s2428	7	46	63
s2429	9	46	37
s2430	9	46	63
s2431	9	44	43
s2432	6	71	37
s2434	9	46	37
s2435	9	44	46
s2436	9	46	37
s2437	9	46	63
s2438	9	44	46
s2439	7	46	37
s2440	14	47	46
s2441	6	37	37
s2442	9	44	46
s2443	9	46	63
s2444	12	46	37
s2446	9	44	43
s2447	9	46	63
s2449	9	46	37
s2452	14	57	65
s2455	9	44	37
s2456	7	37	37
s2457	7	61	63
s2458	9	44	46
s2459	21	37	37
s2461	7	46	63
s2464	9	55	46
s2465	9	55	46
s2466	7	46	56
s2468	7	43	46
s2469	21	37	37
s2470	14	47	46
s2472	7	56	37
s2475	7	46	37
s2476	7	46	61
s2478	12	46	56
s2479	26	65	37
s2480	14	47	63
s2482	7	46	63
s2483	9	44	46
s2484	9	46	37
s2485	9	46	63
s2486	9	46	63
s2488	9	44	46
s2489	9	44	46
s2490	9	46	37
s2491	9	46	63
s2492	9	44	46
s2493	9	46	37
s2494	7	46	37
s2495	32	37	37
s2497	7	43	37
s2498	7	43	63
s2499	9	46	37
s2501	9	44	43
s2502	9	46	37
s2503	14	46	37
s2504	9	46	63
s2505	9	46	37
s2506	9	46	37
s2507	9	46	37
s2510	9	46	63
s2511	9	46	37
s2512	7	43	46
s2513	9	46	63
s2514	7	46	37
s2517	14	47	46
s2521	7	46	37
s2522	9	46	63
s2532	7	46	63
s2533	7	46	63
s2534	6	44	46
s2535	14	46	63
s2536	7	46	37
s2537	7	43	46
s2538	17	56	37
s2539	9	44	46
s2540	1	46	37
s2541	9	63	37
s2542	7	46	63
s2544	9	37	37
s2545	6	47	46
s2546	14	47	64
s2548	1	37	37
s2550	7	56	37
s2551	7	43	46
s2556	17	51	37
s2557	17	51	56
s2559	7	46	37
s2560	1	37	37
s2561	9	46	63
s2562	21	37	37
s2563	6	47	37
s2564	6	47	61
s2565	7	46	37
s2567	7	60	37
s2568	9	46	37
s2571	7	60	37
s2572	21	37	37
s2573	6	44	63
s2574	7	43	56
s2577	7	43	37
s2578	1	37	37
s2579	17	56	37
s2580	6	37	37
s2582	1	67	37
s2583	6	47	37
s2585	9	44	46
s2588	17	56	37
s2590	12	46	56
s2592	9	44	67
s2593	9	63	37
s2594	6	37	37
s2595	6	37	37
s2596	6	37	37
s2597	6	47	37
s2598	11	37	37
s2602	9	46	63
s2605	1	67	37
s2606	7	46	37
s2608	9	44	46
s2609	1	37	37
s2611	14	47	44
s2613	9	44	46
s2614	14	47	46
s2615	9	46	37
s2616	9	44	46
s2617	9	46	61
s2618	7	43	46
s2619	9	46	37
s2620	9	46	37
s2621	9	46	37
s2622	14	47	46
s2623	7	66	37
s2624	14	47	46
s2625	9	46	37
s2626	7	46	63
s2627	7	43	46
s2630	14	47	46
s2631	9	44	46
s2633	1	61	37
s2634	9	46	37
s2635	9	44	43
s2636	14	46	37
s2637	7	46	60
s2638	7	46	37
s2639	9	44	46
s2643	17	56	37
s2645	21	37	37
s2647	9	46	37
s2648	9	46	37
s2650	7	46	37
s2651	17	56	37
s2653	1	67	37
s2654	17	56	37
s2655	7	46	37
s2656	17	56	37
s2657	6	47	37
s2664	9	44	46
s2668	9	46	37
s2669	7	46	56
s2672	7	46	37
s2673	7	43	37
s2674	17	56	37
s2675	9	44	46
s2678	9	37	37
s2679	6	44	61
s2680	21	37	37
s2681	9	37	37
s2682	6	47	46
s2683	7	46	63
s2684	9	44	43
s2686	7	46	63
s2687	21	37	37
s2688	7	46	37
s2689	9	44	46
s2690	1	37	37
s2691	14	43	46
s2693	1	46	61
s2694	9	46	63
s2695	9	44	46
s2696	6	47	60
s2698	7	37	37
s2701	9	44	46
s2702	14	65	51
s2703	21	37	37
s2704	7	43	37
s2705	7	43	37
s2706	12	43	51
s2707	7	43	56
s2708	14	37	37
s2710	14	47	37
s2712	1	46	37
s2713	9	44	43
s2714	14	57	46
s2715	26	46	51
s2716	7	46	37
s2717	14	44	46
s2718	6	37	37
s2720	21	37	37
s2721	9	44	46
s2722	14	44	46
s2723	9	44	46
s2724	14	44	46
s2725	9	44	46
s2726	14	44	46
s2727	9	44	46
s2729	9	46	63
s2730	12	46	56
s2731	7	46	63
s2732	7	46	37
s2733	9	44	46
s2734	9	44	46
s2735	9	44	46
s2736	9	46	63
s2738	6	60	37
s2739	14	47	44
s2742	7	43	46
s2745	6	37	37
s2746	7	43	61
s2748	9	44	46
s2750	12	43	51
s2751	6	37	37
s2754	21	37	37
s2755	6	44	60
s2756	7	43	60
s2757	7	43	46
s2758	11	37	37
s2759	1	60	37
s2761	9	44	46
s2763	14	37	37
s2764	6	47	37
s2767	9	44	46
s2769	14	46	37
s2770	1	46	37
s2771	6	37	37
s2772	7	43	37
s2774	6	37	37
s2776	7	46	63
s2777	1	46	37
s2779	6	71	60
s2780	1	37	37
s2781	7	46	37
s2782	29	46	56
s2783	21	37	37
s2787	1	46	60
s2790	7	43	46
s2797	7	46	60
s2799	29	51	56
s2800	14	57	46
s2801	9	46	37
s2802	7	63	37
s2804	26	61	51
s2806	1	60	37
s2807	21	37	37
s2810	9	37	37
s2811	17	56	37
s2812	6	37	37
s2813	6	37	37
s2815	6	37	37
s2816	9	46	63
s2818	9	44	46
s2820	6	44	37
s2821	7	43	37
s2823	7	37	37
s2824	7	46	37
s2829	6	37	37
s2830	21	37	37
s2831	6	44	37
s2832	9	46	37
s2833	7	46	63
s2834	7	46	37
s2835	7	43	46
s2836	1	61	37
s2837	14	47	37
s2838	17	56	37
s2840	7	46	56
s2841	14	47	44
s2843	9	46	67
s2844	7	46	37
s2845	1	61	37
s2846	7	46	37
s2848	29	51	56
s2849	6	47	61
s2850	21	37	37
s2851	7	43	46
s2852	7	46	37
s2853	7	63	37
s2854	21	37	37
s2857	9	44	46
s2859	6	37	37
s2860	7	56	37
s2861	6	44	37
s2862	9	44	61
s2863	7	46	63
s2864	7	43	37
s2865	7	46	63
s2866	1	46	37
s2867	1	61	37
s2868	7	63	37
s2870	21	37	37
s2874	14	47	44
s2877	26	65	37
s2879	7	46	63
s2880	7	46	37
s2882	9	44	43
s2883	7	46	37
s2885	7	43	46
s2886	17	63	37
s2887	21	37	37
s2888	6	44	66
s2890	12	37	37
s2896	7	43	46
s2897	17	56	37
s2898	7	56	37
s2899	7	46	37
s2900	9	46	61
s2902	6	71	46
s2904	7	63	37
s2905	7	43	37
s2906	14	47	63
s2908	7	56	37
s2909	12	43	37
s2910	23	37	37
s2912	6	47	37
s2913	7	46	63
s2914	9	44	43
s2915	9	46	63
s2916	9	46	61
s2917	7	46	63
s2919	9	46	37
s2920	14	57	65
s2925	9	46	63
s2926	9	63	37
s2928	6	47	37
s2929	7	43	56
s2930	1	46	37
s2931	7	46	63
s2933	7	43	56
s2934	12	37	37
s2935	7	46	56
s2936	9	44	46
s2937	7	46	37
s2940	7	43	37
s2941	7	46	60
s2944	7	37	37
s2947	1	37	37
s2950	1	60	37
s2951	14	51	37
s2952	9	66	63
s2953	21	37	37
s2955	17	56	37
s2956	7	46	56
s2957	9	44	43
s2958	19	44	46
s2961	23	37	37
s2962	9	46	63
s2964	6	47	46
s2965	23	37	37
s2969	14	55	51
s2970	7	46	61
s2971	7	46	37
s2973	7	46	37
s2974	9	44	43
s2976	1	61	37
s2979	21	37	37
s2982	7	46	37
s2986	9	46	63
s2987	9	44	43
s2988	21	37	37
s2989	7	43	37
s2990	7	43	46
s2991	17	56	37
s2996	9	46	63
s2997	21	37	37
s3003	9	44	46
s3004	21	37	37
s3005	9	44	43
s3007	9	44	46
s3008	7	43	37
s3009	7	43	37
s3010	7	56	37
s3015	12	37	37
s3017	6	47	37
s3018	7	43	37
s3019	7	46	56
s3020	14	57	65
s3022	7	37	37
s3023	7	43	46
s3024	7	46	56
s3026	17	51	56
s3027	14	43	37
s3028	21	37	37
s3030	14	44	46
s3032	1	37	37
s3033	9	44	46
s3039	14	44	43
s3042	14	47	37
s3044	7	43	37
s3045	9	44	46
s3047	9	46	63
s3049	7	46	63
s3052	7	46	37
s3055	9	46	37
s3058	6	47	37
s3059	6	47	37
s3060	6	47	37
s3061	12	46	56
s3062	21	37	37
s3063	6	47	51
s3065	6	47	61
s3069	7	46	51
s3070	26	65	37
s3071	7	46	63
s3073	14	37	37
s3074	9	37	37
s3078	12	46	56
s3079	7	43	46
s3081	9	60	37
s3082	9	37	37
s3090	7	46	37
s3091	14	47	46
s3092	1	46	37
s3094	9	46	37
s3095	7	43	46
s3098	14	55	51
s3099	26	63	37
s3100	6	47	37
s3101	14	44	37
s3102	14	47	46
s3103	12	51	56
s3105	9	46	61
s3106	6	47	37
s3108	11	37	37
s3110	6	60	37
s3111	9	46	37
s3113	7	46	63
s3114	17	61	37
s3115	7	46	63
s3116	7	46	37
s3117	7	37	37
s3119	1	46	37
s3124	21	37	37
s3125	9	44	43
s3126	7	43	46
s3127	9	44	46
s3132	9	44	46
s3133	9	44	46
s3134	14	46	37
s3135	14	46	61
s3136	14	47	44
s3137	17	56	37
s3139	6	47	46
s3140	9	44	46
s3141	9	46	63
s3142	7	46	56
s3143	14	44	46
s3144	7	46	63
s3145	9	44	46
s3146	7	46	61
s3148	7	46	56
s3150	9	44	46
s3151	14	44	37
s3152	9	46	37
s3153	9	46	63
s3154	9	46	63
s3155	7	46	63
s3156	17	56	37
s3157	17	56	37
s3158	21	37	37
s3159	7	46	37
s3160	9	46	37
s3161	21	37	37
s3162	6	47	37
s3163	12	43	37
s3164	14	46	37
s3165	7	66	46
s3167	9	46	37
s3168	7	46	37
s3170	7	37	37
s3171	14	57	46
s3172	7	46	37
s3173	6	37	37
s3179	9	44	46
s3180	9	44	46
s3181	6	44	63
s3182	1	37	37
s3187	21	37	37
s3189	6	47	61
s3190	9	46	63
s3191	7	56	37
s3192	7	46	56
s3194	9	46	63
s3195	1	46	37
s3196	7	46	63
s3197	7	46	63
s3198	9	44	46
s3199	7	46	63
s3201	6	44	46
s3202	9	44	46
s3203	1	46	61
s3204	7	46	56
s3206	1	46	37
s3207	9	44	46
s3208	7	43	46
s3210	9	46	56
s3211	7	43	46
s3212	7	46	37
s3214	9	46	37
s3215	9	43	46
s3216	14	47	46
s3218	7	46	56
s3219	6	44	37
s3224	14	44	37
s3225	9	46	63
s3226	6	47	37
s3227	7	43	37
s3228	7	37	37
s3229	21	37	37
s3230	6	37	37
s3232	6	37	37
s3234	14	44	46
s3235	1	46	37
s3236	7	56	37
s3238	7	43	46
s3240	14	57	46
s3241	21	37	37
s3245	1	60	37
s3249	6	47	63
s3251	1	37	37
s3252	7	46	63
s3254	1	46	60
s3255	7	43	46
s3257	21	37	37
s3260	14	47	46
s3261	21	37	37
s3262	7	46	37
s3263	12	43	37
s3265	7	63	37
s3266	1	46	37
s3267	6	61	37
s3268	14	44	46
s3269	9	43	46
s3273	26	61	37
s3274	6	47	37
s3279	1	46	37
s3281	26	46	63
s3286	21	37	37
s3290	21	37	37
s3291	7	43	67
s3293	1	37	37
s3297	9	44	67
s3298	14	44	46
s3300	17	56	37
s3301	7	37	37
s3303	14	44	46
s3304	6	47	61
s3306	21	37	37
s3308	9	44	43
s3309	7	46	63
s3310	9	37	37
s3312	1	37	37
s3313	7	46	56
s3315	23	37	37
s3316	6	47	37
s3318	6	47	61
s3319	6	37	37
s3320	6	47	37
s3321	6	47	37
s3322	6	37	37
s3323	6	47	37
s3324	6	47	37
s3325	6	47	37
s3327	9	46	37
s3330	7	37	37
s3332	7	37	37
s3333	9	37	37
s3335	14	46	37
s3336	1	37	37
s3338	6	44	63
s3339	6	47	63
s3344	6	47	63
s3347	23	37	37
s3348	7	37	37
s3349	7	46	37
s3350	1	46	37
s3351	6	37	37
s3354	1	46	61
s3355	21	37	37
s3360	7	46	63
s3363	21	37	37
s3365	1	46	37
s3366	1	46	37
s3367	1	46	60
s3372	7	46	56
s3373	9	44	37
s3375	1	37	37
s3377	17	37	37
s3380	12	43	56
s3381	9	44	46
s3384	1	61	37
s3385	12	46	37
s3387	1	37	37
s3388	14	46	37
s3389	1	74	37
s3390	14	47	43
s3391	6	47	37
s3392	7	46	56
s3393	9	46	63
s3395	6	37	37
s3396	6	37	37
s3397	6	37	37
s3398	6	37	37
s3399	12	37	37
s3400	7	46	37
s3403	9	46	63
s3406	9	44	46
s3408	14	44	46
s3409	1	37	37
s3410	9	44	37
s3412	7	46	37
s3413	9	44	46
s3414	7	66	46
s3418	1	37	37
s3419	1	37	37
s3420	21	37	37
s3422	12	37	37
s3423	1	60	37
s3425	21	37	37
s3426	7	46	37
s3428	9	46	63
s3429	7	56	37
s3430	11	37	37
s3432	7	46	37
s3433	7	46	56
s3435	12	46	37
s3437	17	61	37
s3439	7	63	37
s3440	7	56	37
s3442	21	37	37
s3443	6	47	37
s3444	7	46	63
s3447	7	43	46
s3448	1	37	37
s3449	9	46	63
s3451	12	56	37
s3452	6	47	37
s3457	6	37	37
s3460	9	46	63
s3461	1	37	37
s3466	7	46	63
s3469	1	46	60
s3470	6	37	37
s3472	21	37	37
s3473	6	47	37
s3476	6	47	37
s3477	9	44	43
s3479	21	37	37
s3480	1	46	37
s3481	7	46	37
s3483	9	46	37
s3485	7	51	56
s3486	26	61	51
s3487	7	46	63
s3488	14	44	46
s3491	1	46	37
s3493	9	46	61
s3494	9	46	61
s3495	14	37	37
s3496	21	37	37
s3497	9	44	46
s3498	9	43	46
s3499	7	43	46
s3501	9	37	37
s3508	9	46	37
s3509	6	37	37
s3510	7	46	63
s3512	14	37	37
s3513	21	37	37
s3514	1	46	61
s3515	1	37	37
s3517	9	46	61
s3518	1	46	37
s3519	1	37	37
s3521	9	46	37
s3523	7	46	63
s3524	6	47	63
s3529	21	37	37
s3530	1	46	37
s3531	7	46	56
s3532	9	44	43
s3533	9	43	46
s3534	9	46	63
s3536	1	37	37
s3537	7	43	46
s3538	9	44	46
s3539	1	46	37
s3543	7	43	46
s3545	6	37	37
s3546	9	46	37
s3548	9	46	37
s3549	9	46	37
s3550	6	47	44
s3555	17	56	37
s3556	9	63	37
s3557	7	66	46
s3558	1	61	37
s3560	21	37	37
s3561	9	46	37
s3564	9	44	46
s3565	9	46	37
s3566	17	61	37
s3567	7	43	46
s3568	1	37	37
s3569	12	46	56
s3570	12	46	56
s3571	12	46	56
s3573	17	63	37
s3574	1	37	37
s3575	21	37	37
s3581	6	47	51
s3583	18	56	37
s3584	9	37	37
s3585	6	37	37
s3587	9	46	37
s3592	21	37	37
s3594	7	46	37
s3595	9	46	61
s3596	1	60	37
s3597	1	46	37
s3600	21	37	37
s3603	7	43	46
s3604	6	47	67
s3617	17	56	37
s3618	21	37	37
s3619	9	44	46
s3620	21	37	37
s3621	21	37	37
s3622	1	60	37
s3623	21	37	37
s3624	1	46	37
s3626	7	46	37
s3627	6	47	46
s3629	1	37	37
s3630	9	37	37
s3631	7	46	37
s3632	7	43	46
s3635	7	56	37
s3636	21	37	37
s3638	7	43	46
s3639	12	46	37
s3640	9	55	46
s3642	7	43	46
s3644	1	37	37
s3646	21	37	37
s3647	21	37	37
s3648	14	64	46
s3649	9	46	37
s3650	14	47	46
s3651	14	46	37
s3653	9	46	37
s3658	11	37	37
s3659	14	44	46
s3662	7	46	37
s3663	9	37	37
s3669	9	44	43
s3671	7	43	46
s3673	7	46	56
s3676	14	37	37
s3677	1	46	37
s3679	1	46	61
s3680	21	37	37
s3682	1	46	60
s3684	1	37	37
s3694	21	37	37
s3698	1	46	37
s3699	12	46	63
s3700	7	46	56
s3702	9	44	46
s3704	1	46	37
s3707	14	46	51
s3710	7	43	61
s3712	21	37	37
s3713	17	61	37
s3714	17	61	56
s3715	1	46	37
s3716	21	37	37
s3718	14	46	37
s3719	7	43	46
s3721	14	57	46
s3729	14	57	46
s3730	12	43	46
s3731	7	46	56
s3732	7	43	61
s3733	1	46	37
s3734	21	37	37
s3735	11	37	37
s3736	9	44	43
s3739	1	37	37
s3740	9	46	63
s3741	7	43	46
s3748	6	47	37
s3754	9	37	37
s3757	1	37	37
s3758	12	46	37
s3759	21	37	37
s3760	1	61	37
s3762	7	43	46
s3764	7	46	67
s3765	17	51	56
s3766	9	46	63
s3767	6	37	37
s3768	6	44	46
s3769	9	55	43
s3772	1	61	37
s3773	7	46	37
s3774	26	46	37
s3776	7	46	51
s3777	21	37	37
s3778	6	51	37
s3782	7	46	37
s3784	7	43	46
s3786	9	46	37
s3787	14	46	60
s3789	9	44	43
s3791	7	46	37
s3792	9	44	46
s3794	17	56	37
s3796	1	37	37
s3798	7	43	46
s3799	14	43	51
s3801	12	67	61
s3803	9	61	60
s3804	1	46	37
s3805	14	47	46
s3806	21	37	37
s3810	1	46	37
s3811	1	46	37
s3812	1	46	37
s3814	14	46	37
s3815	1	61	37
s3816	21	37	37
s3817	7	51	56
s3819	6	44	37
s3820	7	43	46
s3821	6	47	37
s3823	7	43	46
s3826	14	44	37
s3828	9	37	37
s3829	1	37	37
s3830	6	47	37
s3831	1	37	37
s3833	7	43	46
s3834	7	43	46
s3835	14	47	44
s3837	9	44	46
s3842	9	37	37
s3843	14	44	46
s3858	1	46	37
s3859	17	51	37
s3860	1	67	37
s3863	9	46	63
s3864	7	43	37
s3866	7	46	56
s3867	9	63	37
s3869	9	44	46
s3870	14	37	37
s3872	1	61	37
s3873	1	37	37
s3874	12	46	37
s3875	9	44	46
s3876	9	46	37
s3878	21	37	37
s3886	7	43	46
s3889	9	46	63
s3890	9	44	46
s3891	9	44	46
s3892	1	61	37
s3895	7	46	37
s3896	1	61	37
s3897	1	37	37
s3900	7	43	46
s3904	9	63	37
s3905	7	46	37
s3906	7	43	46
s3907	21	37	37
s3908	1	61	37
s3909	9	44	46
s3910	6	37	37
s3911	9	44	46
s3912	17	61	56
s3913	1	60	37
s3914	7	46	63
s3915	9	46	61
s3916	9	46	63
s3917	7	46	51
s3918	7	46	63
s3919	14	47	44
s3920	12	37	37
s3922	7	46	37
s3923	12	46	37
s3924	12	46	37
s3925	21	37	37
s3927	9	63	37
s3930	21	37	37
s3931	12	56	37
s3933	7	46	61
s3934	14	47	44
s3936	14	51	37
s3940	14	47	44
s3946	9	44	43
s3948	21	37	37
s3949	12	46	37
s3951	9	44	46
s3952	7	46	37
s3953	21	37	37
s3955	17	63	51
s3956	7	43	46
s3958	9	37	37
s3960	12	37	37
s3961	7	43	46
s3963	9	44	43
s3964	7	46	60
s3967	7	37	37
s3968	1	37	37
s3973	12	46	37
s3974	7	46	63
s3975	21	37	37
s3976	14	47	44
s3978	14	47	46
s3979	14	47	46
s3983	7	46	51
s3984	1	61	37
s3986	9	44	61
s3988	1	46	60
s3991	14	47	46
s3992	14	47	46
s3993	9	44	46
s3994	7	46	63
s3995	17	63	37
s3996	1	46	60
s3998	7	43	46
s4000	21	37	37
s4001	9	44	43
s4003	9	44	46
s4004	14	46	37
s4005	21	37	37
s4006	7	46	67
s4008	21	37	37
s4009	21	37	37
s4010	21	37	37
s4011	21	37	37
s4012	1	60	37
s4014	14	44	46
s4018	7	46	63
s4019	7	46	63
s4020	9	44	46
s4021	17	63	37
s4022	9	44	46
s4025	14	37	37
s4026	21	37	37
s4032	14	47	46
s4034	7	43	63
s4035	7	43	46
s4037	6	44	37
s4038	9	44	63
s4039	9	46	37
s4040	7	46	63
s4041	7	46	63
s4042	7	46	63
s4046	14	37	37
s4047	7	46	63
s4048	7	46	63
s4049	7	46	37
s4050	14	44	46
s4051	1	46	37
s4052	1	46	60
s4053	1	46	61
s4054	9	46	37
s4059	6	47	37
s4060	12	46	56
s4061	6	47	37
s4062	7	46	61
s4063	6	44	43
s4065	14	46	37
s4066	6	37	37
s4067	7	46	56
s4068	7	43	46
s4069	7	46	63
s4070	14	47	46
s4071	9	46	63
s4072	9	44	46
s4073	7	43	46
s4074	9	44	46
s4075	9	46	63
s4076	9	44	46
s4077	7	46	63
s4078	7	46	61
s4079	7	46	63
s4081	21	37	37
s4082	7	43	46
s4083	7	46	37
s4084	21	37	37
s4086	7	46	37
s4087	9	44	43
s4088	7	43	46
s4089	7	43	46
s4092	7	46	56
s4093	21	37	37
s4094	1	67	37
s4095	7	43	46
s4096	14	44	46
s4097	1	37	37
s4098	7	46	51
s4099	7	43	46
s4100	1	37	37
s4101	9	44	43
s4102	7	43	46
s4103	7	46	37
s4104	9	44	46
s4107	7	46	63
s4108	9	46	63
s4109	7	46	37
s4111	9	43	46
s4113	9	46	63
s4114	9	46	37
s4116	21	37	37
s4118	1	37	37
s4121	7	60	37
s4122	6	47	37
s4124	1	61	37
s4125	7	43	46
s4129	21	37	37
s4134	12	51	37
s4135	7	43	46
s4136	1	37	37
s4137	9	44	46
s4138	6	44	37
s4139	23	37	37
s4140	6	37	37
s4141	6	37	37
s4146	6	37	37
s4147	7	56	37
s4148	9	55	46
s4149	9	44	46
s4151	7	46	37
s4152	7	46	61
s4153	7	43	46
s4154	21	37	37
s4155	7	46	37
s4156	7	46	51
s4157	1	37	37
s4158	7	46	63
s4159	7	43	46
s4160	7	46	37
s4161	7	66	46
s4162	7	66	46
s4165	7	46	37
s4166	12	46	37
s4170	9	46	37
s4171	14	46	37
s4174	7	46	61
s4176	14	46	37
s4177	1	37	37
s4178	7	51	37
s4181	1	46	37
s4182	1	46	37
s4183	7	43	46
s4186	1	37	37
s4187	7	46	37
s4188	9	43	46
s4189	17	56	37
s4191	14	44	46
s4192	12	46	37
s4193	14	46	37
s4194	21	37	37
s4195	12	46	37
s4196	12	46	37
s4198	7	46	37
s4199	9	44	46
s4204	1	61	37
s4205	7	43	46
s4206	9	44	37
s4209	14	57	46
s4210	9	44	46
s4211	7	43	46
s4212	12	46	63
s4213	7	43	46
s4214	7	46	61
s4215	9	44	43
s4218	14	54	47
s4220	9	46	61
s4222	7	43	46
s4223	21	37	37
s4224	26	65	37
s4225	17	56	37
s4226	7	43	46
s4229	21	37	37
s4230	21	37	37
s4231	1	37	37
s4232	21	37	37
s4233	21	37	37
s4234	21	37	37
s4235	21	37	37
s4236	21	37	37
s4237	1	46	61
s4238	21	37	37
s4239	21	37	37
s4240	21	37	37
s4241	1	37	37
s4242	9	55	46
s4243	32	37	37
s4244	14	57	46
s4245	21	37	37
s4246	21	37	37
s4247	32	74	37
s4248	32	74	37
s4249	21	37	37
s4250	21	37	37
s4253	7	46	37
s4254	7	46	51
s4256	14	47	44
s4259	1	46	37
s4260	7	46	56
s4268	9	44	46
s4269	7	51	56
s4276	1	37	37
s4278	12	46	37
s4279	23	37	37
s4281	14	46	37
s4282	17	56	37
s4283	7	46	56
s4284	7	43	46
s4286	7	43	46
s4287	6	47	37
s4288	9	44	46
s4290	6	47	37
s4292	7	56	37
s4293	9	44	37
s4294	32	37	37
s4295	7	63	37
s4296	6	51	37
s4298	9	44	46
s4299	1	61	37
s4300	1	61	37
s4301	1	61	37
s4302	1	61	37
s4303	1	46	37
s4304	7	46	56
s4307	7	43	46
s4314	1	37	37
s4315	21	37	37
s4316	9	46	37
s4318	9	44	43
s4319	6	44	37
s4320	14	65	44
s4323	1	61	37
s4324	6	37	37
s4325	1	37	37
s4326	21	37	37
s4329	14	47	46
s4330	7	46	63
s4331	17	56	37
s4332	1	46	37
s4333	7	46	63
s4334	14	47	46
s4335	9	46	63
s4336	9	44	46
s4337	7	46	37
s4338	9	46	63
s4339	9	46	63
s4340	14	44	46
s4342	14	46	37
s4343	14	44	46
s4344	9	46	63
s4345	23	37	37
s4346	14	47	46
s4347	7	43	46
s4348	1	60	37
s4349	9	46	37
s4350	7	46	37
s4352	6	44	63
s4353	6	37	37
s4355	7	46	37
s4356	7	43	46
s4358	7	43	46
s4359	9	44	46
s4361	14	47	46
s4362	7	43	46
s4365	6	37	37
s4370	6	47	37
s4371	9	46	37
s4374	6	47	37
s4375	12	46	37
s4376	9	55	46
s4378	21	37	37
s4379	1	37	37
s4383	12	43	56
s4384	9	44	46
s4386	9	44	37
s4387	6	44	63
s4389	7	43	46
s4391	9	46	63
s4392	9	44	43
s4393	12	46	37
s4394	1	46	37
s4395	9	43	46
s4396	12	46	37
s4397	7	46	37
s4398	14	46	37
s4399	32	37	37
s4402	9	46	63
s4403	9	46	37
s4405	14	44	37
s4412	7	46	37
s4413	21	37	37
s4415	9	46	67
s4417	1	61	37
s4418	7	63	37
s4419	19	44	43
s4420	1	37	37
s4421	9	46	61
s4422	17	56	37
s4423	7	46	61
s4424	7	46	37
s4425	14	44	46
s4426	7	46	61
s4427	9	44	46
s4428	9	44	46
s4429	17	63	37
s4430	9	44	46
s4432	7	46	61
s4433	9	46	61
s4434	9	46	37
s4435	29	56	37
s4436	21	37	37
s4438	7	46	56
s4439	9	46	56
s4440	17	56	37
s4441	9	44	46
s4442	7	46	37
s4443	14	47	46
s4444	9	46	61
s4445	9	46	61
s4446	7	46	60
s4447	9	46	61
s4448	21	37	37
s4449	9	44	46
s4450	7	46	61
s4451	21	37	37
s4452	7	46	37
s4453	9	46	61
s4454	7	46	37
s4455	9	44	46
s4456	14	44	46
s4457	7	46	56
s4458	7	46	61
s4459	9	46	61
s4460	7	46	56
s4461	21	37	37
s4463	1	67	37
s4464	7	43	46
s4465	9	44	46
s4466	9	44	43
s4467	6	44	37
s4468	7	46	56
s4469	7	46	37
s4471	14	46	37
s4472	7	46	61
s4473	7	46	37
s4474	9	44	46
s4475	9	46	63
s4476	1	37	37
s4478	7	46	56
s4481	1	37	37
s4482	14	44	46
s4483	21	37	37
s4485	14	51	37
s4487	9	46	63
s4491	23	37	37
s4492	23	37	37
s4493	6	47	37
s4494	14	46	51
s4497	7	46	37
s4498	23	37	37
s4500	14	46	37
s4501	14	46	37
s4503	7	46	56
s4506	21	37	37
s4507	7	46	37
s4508	7	46	37
s4510	7	46	60
s4511	12	46	56
s4513	12	46	51
s4514	1	67	37
s4516	12	46	37
s4517	1	61	37
s4520	7	43	37
s4523	7	56	37
s4525	28	55	43
s4526	21	37	37
s4527	14	44	46
s4529	12	37	37
s4533	12	56	37
s4534	9	44	43
s4535	6	37	37
s4538	7	46	37
s4539	12	37	37
s4540	14	37	37
s4541	9	61	37
s4542	21	37	37
s4544	1	37	37
s4545	9	37	37
s4546	9	71	37
s4547	9	71	37
s4548	9	37	37
s4549	1	37	37
s4553	19	47	64
s4555	9	37	37
s4556	1	37	37
s4557	14	44	46
s4558	6	37	37
s4559	12	46	37
s4560	14	44	46
s4561	7	46	60
s4562	7	46	37
s4563	7	46	63
s4564	17	61	63
s4565	7	46	37
s4566	9	46	63
s4567	7	43	46
s4568	7	46	61
s4569	9	46	61
s4570	7	46	37
s4572	14	47	46
s4573	9	44	46
s4574	14	44	46
s4575	9	44	46
s4576	7	46	61
s4577	7	46	60
s4578	9	46	63
s4579	14	44	46
s4580	9	44	46
s4581	17	56	37
s4582	7	46	37
s4583	9	46	63
s4584	9	44	46
s4585	9	44	46
s4586	9	46	37
s4587	14	46	37
s4588	14	46	37
s4589	9	46	51
s4590	6	37	37
s4591	6	37	37
s4592	9	44	43
s4593	14	44	46
s4594	7	46	63
s4595	9	46	61
s4596	14	44	46
s4597	9	44	43
s4598	14	46	37
s4599	12	46	56
s4600	9	46	61
s4601	14	46	61
s4602	14	46	61
s4603	9	44	46
s4604	9	44	46
s4606	14	46	61
s4607	1	46	37
s4608	9	46	61
s4610	14	44	46
s4611	7	43	46
s4612	14	46	61
s4613	9	46	63
s4614	7	46	37
s4615	9	46	63
s4616	7	46	63
s4617	6	44	37
s4618	7	43	46
s4619	14	46	51
s4620	14	44	37
s4621	1	37	37
s4625	12	46	37
s4626	1	46	37
s4627	29	46	56
s4631	1	61	37
s4632	21	37	37
s4642	7	46	56
s4643	9	44	43
s4645	1	37	37
s4647	7	46	37
s4650	7	46	37
s4654	1	37	37
s4657	6	47	51
s4658	9	63	37
s4660	7	46	56
s4661	9	44	46
s4662	14	37	37
s4666	7	46	56
s4667	7	43	46
s4668	7	43	46
s4669	7	43	46
s4670	7	43	46
s4672	7	46	60
s4676	9	46	63
s4680	14	46	37
s4681	9	46	63
s4682	14	46	37
s4684	21	37	37
s4685	21	37	37
s4687	9	37	37
s4689	9	61	37
s4691	9	44	46
s4692	14	44	46
s4693	7	46	56
s4694	7	46	63
s4695	9	44	46
s4696	9	37	37
s4698	9	44	46
s4699	9	46	63
s4700	21	37	37
s4701	7	46	51
s4702	9	44	43
s4706	7	63	37
s4707	9	37	37
s4708	1	60	37
s4709	7	46	56
s4713	9	44	46
s4714	14	46	37
s4715	9	44	46
s4716	26	46	63
s4719	9	44	37
s4720	7	46	56
s4721	6	47	44
s4722	7	46	37
s4723	7	46	63
s4724	7	46	61
s4725	7	46	37
s4726	7	46	63
s4727	14	44	46
s4728	9	46	61
s4729	9	46	61
s4730	17	61	63
s4731	14	44	46
s4732	7	46	56
s4733	7	46	37
s4734	14	47	46
s4735	7	46	63
s4736	9	46	63
s4737	9	46	63
s4738	6	44	43
s4740	1	37	37
s4741	7	43	46
s4746	23	37	37
s4747	9	37	37
s4749	9	55	46
s4750	21	37	37
s4752	14	44	51
s4754	1	37	37
s4756	7	46	37
s4757	21	37	37
s4758	17	56	37
s4761	6	47	37
s4762	9	37	37
s4766	7	66	46
s4767	9	46	37
s4769	1	46	61
s4770	14	57	46
s4771	6	44	46
s4774	14	51	37
s4775	21	37	37
s4776	12	43	46
s4782	21	37	37
s4783	14	47	44
s4784	7	43	46
s4785	6	44	37
s4786	21	37	37
s4787	21	37	37
s4788	21	37	37
s4789	21	37	37
s4790	9	44	46
s4791	9	44	46
s4792	21	37	37
s4793	7	46	63
s4794	9	44	46
s4795	7	43	67
s4796	6	47	44
s4797	7	46	56
s4798	9	44	46
s4800	12	46	37
s4801	9	44	46
s4802	1	61	37
s4803	7	43	46
s4804	21	37	37
s4806	12	43	46
s4807	7	46	56
s4809	21	37	37
s4811	9	44	46
s4812	1	37	37
s4813	18	56	37
s4815	21	37	37
s4817	14	57	51
s4818	9	46	67
s4820	7	43	46
s4821	17	37	37
s4823	7	46	63
s4824	21	37	37
s4826	9	44	46
s4827	9	46	37
s4828	1	46	37
s4829	9	63	37
s4830	7	43	46
s4831	7	46	37
s4834	9	44	43
s4835	9	43	46
s4836	21	37	37
s4840	7	46	37
s4841	7	46	56
s4843	7	43	37
s4844	1	46	60
s4848	7	46	56
s4850	21	37	37
s4851	9	63	37
s4852	21	37	37
s4855	21	37	37
s4856	9	46	63
s4859	21	37	37
s4860	1	46	37
s4861	14	44	46
s4862	14	57	54
s4864	21	37	37
s4865	9	43	37
s4867	21	37	37
s4869	9	63	37
s4871	21	37	37
s4872	9	46	37
s4873	12	37	37
s4874	6	47	61
s4876	7	51	56
s4877	21	37	37
s4878	1	37	37
s4879	7	46	37
s4881	9	46	63
s4882	14	46	37
s4883	9	44	46
s4884	9	46	37
s4885	14	46	37
s4886	7	46	37
s4887	14	44	43
s4888	1	46	37
s4889	14	43	37
s4890	9	46	37
s4891	21	37	37
s4892	9	46	63
s4893	23	37	37
s4894	23	37	37
s4895	23	37	37
s4896	23	37	37
s4897	23	37	37
s4898	23	37	37
s4900	7	46	37
s4902	9	44	43
s4903	9	46	37
s4905	9	46	63
s4906	7	46	37
s4908	6	44	63
s4910	9	46	60
s4912	1	37	37
s4913	9	37	37
s4916	21	37	37
s4917	1	37	37
s4918	6	37	37
s4919	14	47	46
s4920	21	37	37
s4921	9	44	43
s4922	9	44	37
s4923	1	37	37
s4924	9	44	46
s4928	14	51	37
s4929	7	66	43
s4930	9	46	63
s4932	7	43	46
s4933	21	37	37
s4935	7	43	37
s4936	7	43	60
s4937	7	46	51
s4938	1	66	37
s4939	21	37	37
s4940	9	44	43
s4941	21	37	37
s4944	12	43	37
s4945	21	37	37
s4946	7	46	56
s4948	7	46	56
s4949	7	46	37
s4951	21	37	37
s4953	14	47	44
s4954	7	46	56
s4955	9	44	46
s4956	7	46	63
s4957	9	44	46
s4959	14	51	37
s4960	7	43	60
s4961	9	63	37
s4963	21	37	37
s4964	7	51	56
s4966	9	64	37
s4967	9	64	37
s4970	7	46	56
s4971	14	47	37
s4972	7	46	37
s4973	7	43	61
s4975	7	61	37
s4976	7	46	61
s4978	6	44	37
s4980	1	37	37
s4982	21	37	37
s4983	26	65	46
s4984	9	44	46
s4987	7	46	37
s4988	14	44	46
s4990	21	37	37
s4991	6	37	37
s4994	7	56	37
s4996	1	46	60
s4997	17	56	37
s4999	21	37	37
s5000	6	71	37
s5002	21	37	37
s5003	21	37	37
s5004	12	46	37
s5006	21	37	37
s5007	14	43	51
s5008	7	46	63
s5009	7	46	37
s5010	14	47	46
s5011	7	61	63
s5012	9	46	37
s5013	7	46	63
s5014	9	43	46
s5015	7	46	37
s5016	9	46	37
s5017	23	37	37
s5018	23	37	37
s5019	9	64	37
s5020	23	37	37
s5021	9	43	46
s5022	7	46	37
s5023	7	46	56
s5024	23	37	37
s5025	21	37	37
s5026	12	46	56
s5029	18	56	37
s5032	7	46	56
s5034	14	44	46
s5035	21	37	37
s5038	7	63	37
s5040	21	37	37
s5041	9	46	63
s5042	1	37	37
s5043	12	46	56
s5044	1	46	37
s5045	9	63	37
s5046	32	74	37
s5048	14	51	37
s5050	21	37	37
s5051	7	46	63
s5052	9	44	46
s5053	1	37	37
s5054	7	43	63
s5056	1	46	37
s5057	21	37	37
s5059	9	44	66
s5060	9	37	37
s5061	21	37	37
s5062	21	37	37
s5063	21	37	37
s5065	14	46	37
s5067	21	37	37
s5068	21	37	37
s5069	1	46	37
s5072	21	37	37
s5073	9	37	37
s5074	12	56	37
s5075	29	46	56
s5077	21	37	37
s5079	21	37	37
s5080	14	46	51
s5081	7	46	61
s5082	6	44	60
s5084	7	46	37
s5085	9	43	37
s5086	1	46	37
s5087	21	37	37
s5088	21	37	37
s5089	12	46	56
s5092	12	56	37
s5094	9	44	43
s5095	1	46	37
s5102	9	46	37
s5103	9	46	60
s5105	14	47	44
s5107	6	61	37
s5108	9	43	37
s5109	21	37	37
s5111	12	43	56
s5114	14	51	37
s5115	7	46	63
s5116	6	47	37
s5117	1	37	37
s5118	21	37	37
s5122	7	46	63
s5123	9	44	46
s5124	9	43	37
s5125	9	44	46
s5128	21	37	37
s5130	9	44	37
s5131	14	46	37
s5132	7	46	61
s5133	1	66	37
s5134	6	47	61
s5135	21	37	37
s5136	9	46	63
s5137	12	43	37
s5138	6	47	37
s5141	6	47	61
s5143	6	37	37
s5144	7	43	46
s5147	17	51	56
s5149	1	37	37
s5152	9	46	37
s5153	1	37	37
s5154	7	43	46
s5159	32	37	37
s5161	6	61	37
s5162	21	37	37
s5163	1	37	37
s5164	6	44	63
s5165	1	37	37
s5168	7	43	37
s5172	21	37	37
s5173	14	47	46
s5177	21	37	37
s5178	14	46	37
s5180	1	37	37
s5182	7	37	37
s5183	1	37	37
s5184	9	44	46
s5187	14	44	46
s5188	17	56	37
s5189	14	44	46
s5190	6	47	37
s5191	14	44	46
s5197	21	37	37
s5198	1	37	37
s5199	7	63	60
s5200	6	47	37
s5202	1	37	37
s5203	7	43	37
s5204	14	56	37
s5205	21	37	37
s5208	7	56	37
s5210	1	37	37
s5212	14	37	37
s5213	9	46	63
s5214	21	37	37
s5215	14	46	37
s5218	7	46	61
s5219	1	46	37
s5221	9	44	46
s5223	9	44	46
s5224	7	46	37
s5225	21	37	37
s5226	1	37	37
s5227	9	55	37
s5228	9	44	43
s5229	9	46	63
s5230	9	43	46
s5231	21	37	37
s5234	1	67	37
s5235	21	37	37
s5236	7	46	56
s5239	9	46	37
s5240	1	46	37
s5241	1	60	37
s5242	6	47	37
s5249	7	46	37
s5250	7	43	46
s5253	12	56	37
s5254	1	37	37
s5256	7	63	37
s5257	1	46	37
s5261	7	43	46
s5262	21	37	37
s5265	9	46	37
s5266	9	55	46
s5267	1	61	37
s5268	7	43	56
s5269	21	37	37
s5270	6	37	37
s5271	7	37	37
s5272	1	37	37
s5274	6	71	37
s5276	1	37	37
s5277	21	37	37
s5278	9	37	37
s5280	21	37	37
s5282	21	37	37
s5283	9	44	37
s5284	21	37	37
s5291	14	46	37
s5292	1	46	37
s5293	14	57	46
s5294	14	57	46
s5295	7	43	37
s5296	9	46	63
s5297	7	46	61
s5301	14	46	37
s5303	9	55	37
s5304	9	46	61
s5305	14	44	46
s5307	14	47	46
s5308	1	60	37
s5309	1	46	37
s5310	7	46	63
s5311	9	44	46
s5312	6	47	37
s5313	1	46	37
s5314	7	46	37
s5315	1	46	37
s5316	21	37	37
s5317	29	56	37
s5318	17	56	37
s5319	12	56	37
s5320	21	37	37
s5323	1	60	37
s5324	14	51	37
s5326	32	74	37
s5327	21	37	37
s5329	9	37	37
s5330	7	37	37
s5331	7	46	37
s5332	9	63	37
s5333	12	43	37
s5334	14	37	37
s5335	14	44	46
s5336	14	44	46
s5337	14	44	46
s5338	14	44	46
s5339	14	44	46
s5340	14	44	46
s5341	6	37	37
s5342	14	46	51
s5343	21	37	37
s5344	1	60	37
s5345	29	56	37
s5347	17	56	37
s5352	9	44	46
s5354	6	47	37
s5358	21	37	37
s5359	9	43	61
s5360	6	44	60
s5362	7	43	46
s5365	9	44	46
s5369	9	43	63
s5370	21	37	37
s5371	1	61	37
s5372	21	37	37
s5374	7	46	37
s5375	7	46	63
s5376	6	47	37
s5377	1	37	37
s5378	7	43	37
s5379	21	37	37
s5380	21	37	37
s5386	9	43	37
s5388	9	44	46
s5390	6	44	60
s5392	7	46	61
s5395	21	37	37
s5397	19	44	46
s5399	7	43	46
s5401	9	44	46
s5403	17	56	37
s5409	7	46	37
s5412	6	47	37
s5416	14	47	44
s5417	21	37	37
s5418	7	67	37
s5419	1	37	37
s5420	7	56	37
s5421	7	46	60
s5424	6	47	37
s5425	21	37	37
s5427	1	60	37
s5428	1	37	37
s5430	9	44	46
s5431	21	37	37
s5432	1	37	37
s5433	21	37	37
s5441	7	43	56
s5442	6	44	61
s5443	14	46	37
s5444	7	46	37
s5447	17	51	56
s5448	7	46	61
s5449	1	37	37
s5450	9	43	37
s5451	1	37	37
s5452	1	37	37
s5453	7	43	46
s5454	9	44	43
s5455	9	46	63
s5456	7	46	61
s5457	1	46	67
s5461	14	47	46
s5462	7	46	63
s5463	7	46	37
s5464	7	46	56
s5467	1	37	37
s5468	1	37	37
s5469	21	37	37
s5470	14	44	46
s5472	1	37	37
s5473	14	44	46
s5474	9	44	37
s5475	14	46	51
s5476	21	37	37
s5477	14	57	46
s5479	1	46	67
s5481	21	37	37
s5482	9	46	51
s5483	9	44	46
s5484	7	43	63
s5485	23	37	37
s5486	7	46	61
s5487	7	46	37
s5488	9	37	37
s5490	1	37	37
s5491	9	64	43
s5492	6	37	37
s5493	21	37	37
s5494	9	37	37
s5496	21	37	37
s5497	6	71	37
s5498	21	37	37
s5499	7	43	46
s5500	7	46	63
s5501	9	44	46
s5502	9	46	37
s5503	7	46	56
s5504	1	37	37
s5505	7	46	63
s5506	7	43	46
s5507	1	46	37
s5508	7	46	37
s5509	1	37	37
s5512	7	37	37
s5513	7	56	37
s5516	9	44	46
s5517	7	46	37
s5518	9	46	37
s5519	21	37	37
s5523	14	44	43
s5525	7	43	63
s5526	21	37	37
s5527	6	61	37
s5528	6	61	37
s5529	6	61	37
s5530	9	44	46
s5531	9	44	46
s5532	7	46	63
s5533	9	44	46
s5534	9	37	37
s5535	9	46	67
s5536	21	37	37
s5537	9	37	37
s5540	7	46	63
s5541	9	43	63
s5542	23	37	37
s5544	9	44	46
s5545	7	37	37
s5546	14	64	46
s5547	7	43	37
s5548	7	46	37
s5549	1	37	37
s5550	14	46	61
s5551	7	46	37
s5552	7	46	37
s5553	7	46	56
s5554	21	37	37
s5557	7	43	63
s5558	21	37	37
s5560	21	37	37
s5561	1	37	37
s5562	7	37	37
s5565	1	37	37
s5566	9	44	43
s5569	7	46	56
s5571	19	44	43
s5572	14	44	46
s5573	14	47	46
s5574	1	44	46
s5575	14	47	44
s5577	21	37	37
s5578	7	46	60
s5580	7	43	37
s5582	7	46	63
s5583	21	37	37
s5585	7	46	63
s5587	21	37	37
s5588	14	46	37
s5589	7	46	37
s5590	14	46	37
s5591	7	43	56
s5595	21	37	37
s5596	17	56	37
s5597	6	71	37
s5598	6	61	37
s5600	14	46	37
s5601	7	43	46
s5603	1	61	37
s5605	17	56	37
s5606	7	46	37
s5607	9	43	37
s5608	21	37	37
s5611	9	46	61
s5612	21	37	37
s5613	1	46	37
s5614	9	61	63
s5615	21	37	37
s5616	7	37	37
s5617	14	44	46
s5618	14	47	44
s5619	7	43	46
s5620	14	47	46
s5621	7	46	63
s5622	6	47	37
s5623	21	37	37
s5624	7	46	37
s5625	9	46	37
s5626	17	51	56
s5627	7	46	37
s5628	21	37	37
s5629	21	37	37
s5630	7	46	37
s5631	9	37	37
s5632	21	37	37
s5633	7	46	61
s5634	7	46	37
s5635	17	56	37
s5636	7	46	37
s5637	1	46	37
s5638	12	56	37
s5639	9	44	46
s5640	21	37	37
s5642	12	46	56
s5643	6	44	37
s5644	6	37	37
s5645	14	46	37
s5646	6	51	37
s5647	21	37	37
s5648	7	46	56
s5649	6	47	37
s5650	7	43	46
s5652	7	46	37
s5653	7	43	46
s5657	7	46	37
s5658	32	74	37
s5660	23	37	37
s5661	21	37	37
s5662	7	37	37
s5664	7	37	37
s5665	9	46	37
s5667	1	60	37
s5677	7	43	46
s5679	21	37	37
s5680	1	37	37
s5682	6	61	37
s5683	14	51	37
s5686	9	44	43
s5688	7	43	63
s5689	1	60	37
s5690	32	74	37
s5692	7	46	60
s5694	1	37	37
s5695	7	43	37
s5696	1	60	37
s5697	7	46	37
s5698	7	37	37
s5699	9	46	37
s5702	7	46	56
s5703	9	44	43
s5705	21	37	37
s5706	7	43	46
s5707	1	46	37
s5709	21	37	37
s5710	7	56	37
s5711	7	43	46
s5712	21	37	37
s5713	21	37	37
s5714	21	37	37
s5715	7	43	46
s5718	21	37	37
s5719	7	43	46
s5720	14	47	37
s5722	21	37	37
s5725	21	37	37
s5726	1	37	37
s5727	1	37	37
s5734	1	37	37
s5735	23	37	37
s5736	9	46	63
s5737	6	47	37
s5738	12	46	56
s5739	1	37	37
s5740	9	44	46
s5741	9	46	37
s5743	9	44	46
s5744	7	46	37
s5746	21	37	37
s5747	9	46	60
s5748	14	57	46
s5749	14	57	51
s5750	14	57	51
s5751	9	46	61
s5755	1	37	37
s5756	9	37	37
s5757	32	37	37
s5758	1	37	37
s5759	21	37	37
s5761	14	44	46
s5762	6	47	37
s5765	7	37	37
s5766	7	46	37
s5768	7	46	37
s5771	7	43	46
s5773	9	46	61
s5774	6	47	37
s5776	23	37	37
s5777	7	46	37
s5779	7	43	46
s5780	1	60	37
s5781	9	46	37
s5783	1	37	37
s5784	1	37	37
s5785	21	37	37
s5787	21	37	37
s5788	21	37	37
s5789	21	37	37
s5790	21	37	37
s5791	21	37	37
s5792	21	37	37
s5793	17	51	56
s5794	21	37	37
s5795	23	37	37
s5796	1	37	37
s5797	1	61	37
s5798	1	37	37
s5799	21	37	37
s5805	1	37	37
s5809	21	37	37
s5810	7	61	37
s5811	1	61	37
s5814	23	37	37
s5815	1	37	37
s5816	21	37	37
s5817	21	37	37
s5818	21	37	37
s5819	21	37	37
s5820	21	37	37
s5821	21	37	37
s5822	1	37	37
s5825	1	37	37
s5827	1	37	37
s5829	7	43	37
s5831	7	56	37
s5832	1	37	37
s5833	14	37	37
s5834	9	43	46
s5836	21	37	37
s5838	7	43	46
s5840	21	37	37
s5841	9	44	43
s5842	14	44	46
s5843	32	74	37
s5847	14	47	37
s5848	21	37	37
s5849	9	37	37
s5850	1	60	37
s5851	21	37	37
s5852	7	46	37
s5853	12	56	37
s5855	1	61	37
s5858	6	47	37
s5859	9	55	37
s5860	21	37	37
s5861	1	46	37
s5862	6	47	64
s5865	14	63	37
s5866	6	51	37
s5869	21	37	37
s5873	21	37	37
s5874	14	44	46
s5875	14	46	37
s5876	21	37	37
s5877	23	37	37
s5879	21	37	37
s5880	14	47	37
s5881	9	46	37
s5882	9	61	37
s5884	9	44	67
s5885	21	37	37
s5887	9	44	43
s5888	6	37	37
s5890	9	43	37
s5891	21	37	37
s5892	7	43	37
s5893	7	43	51
s5894	1	46	37
s5895	21	37	37
s5897	1	61	37
s5898	1	37	37
s5899	7	43	63
s5900	21	37	37
s5902	1	74	37
s5904	12	43	56
s5905	21	37	37
s5906	21	37	37
s5907	1	61	37
s5908	7	43	51
s5910	9	44	46
s5911	1	37	37
s5912	21	37	37
s5913	1	61	37
s5914	21	37	37
s5916	21	37	37
s5917	1	37	37
s5918	21	37	37
s5919	1	37	37
s5920	21	37	37
s5921	23	37	37
s5922	21	37	37
s5925	21	37	37
s5926	1	46	37
s5927	1	37	37
s5928	21	37	37
s5929	21	37	37
s5930	1	37	37
s5931	1	37	37
s5932	1	60	37
s5933	1	37	37
s5935	1	37	37
s5936	1	46	37
s5937	6	47	61
s5938	6	71	60
s5939	21	37	37
s5942	1	37	37
s5943	7	37	37
s5944	7	37	37
s5945	7	37	37
s5946	7	37	37
s5947	7	60	37
s5948	7	37	37
s5949	7	37	37
s5950	7	37	37
s5951	7	60	37
s5952	7	37	37
s5953	7	56	37
s5954	6	44	66
s5955	7	46	37
s5956	12	37	37
s5957	7	46	37
s5958	7	43	56
s5959	14	43	51
s5960	7	37	37
s5961	7	37	37
s5962	12	46	37
s5963	12	46	56
s5964	7	46	56
s5966	7	56	37
s5967	9	44	43
s5968	36	37	37
s5969	14	44	46
s5970	7	46	37
s5971	7	46	37
s5972	1	37	37
s5973	1	46	37
s5974	9	63	37
s5976	12	46	37
s5977	9	46	37
s5978	14	51	37
s5980	7	63	37
s5981	7	63	60
s5982	14	37	37
s5983	1	46	37
s5984	1	37	37
s5986	7	43	60
s5988	12	43	56
s5989	12	56	37
s5990	23	37	37
s5991	14	46	37
s5992	12	56	37
s5993	14	37	37
s5994	9	37	37
s5995	12	43	56
s5996	12	43	37
s5997	1	61	37
s5998	17	61	37
s5999	18	37	37
s6000	7	43	37
s6001	9	37	37
s6003	14	43	51
s6004	14	37	37
s6005	14	47	46
s6006	1	37	37
s6007	9	44	37
s6008	7	46	56
s6009	7	67	37
s6010	7	46	60
s6011	1	66	37
s6012	9	46	37
s6013	14	47	37
s6014	7	46	37
s6015	1	37	37
s6016	9	67	37
s6017	14	47	46
s6018	9	44	63
s6019	9	63	37
s6020	9	44	43
s6021	7	46	37
s6022	14	44	46
s6023	12	46	56
s6024	9	43	56
s6026	9	46	61
s6028	9	37	37
s6029	7	43	46
s6030	7	51	37
s6031	14	54	44
s6032	19	64	44
s6033	7	63	37
s6034	1	46	37
s6035	7	37	37
s6036	14	46	51
s6037	9	43	37
s6039	1	37	37
s6040	9	55	37
s6041	12	43	37
s6042	6	47	63
s6043	11	37	37
s6044	1	37	37
s6046	9	46	37
s6047	7	56	37
s6048	1	37	37
s6049	1	46	37
s6050	9	64	37
s6051	7	46	37
s6052	7	56	37
s6053	7	43	63
s6054	6	44	63
s6055	21	37	37
s6056	17	56	37
s6057	7	46	37
s6058	9	43	37
s6059	7	43	37
s6060	7	46	37
s6061	9	63	37
s6062	9	37	37
s6063	7	63	37
s6064	14	44	46
s6065	1	37	37
s6066	6	37	37
s6069	12	37	37
s6070	14	65	43
s6071	7	46	63
s6072	9	46	37
s6073	9	44	46
s6074	7	46	37
s6075	7	46	37
s6076	9	44	46
s6077	9	44	46
s6078	14	44	46
s6079	9	46	51
s6081	6	47	37
s6082	9	44	46
s6083	7	46	37
s6084	9	44	46
s6085	7	60	37
s6086	7	61	63
s6087	14	37	37
s6088	14	46	37
s6089	14	37	37
s6091	14	71	46
s6092	7	43	46
s6093	12	43	46
s6094	9	37	37
s6096	1	37	37
s6097	1	37	37
s6098	7	43	37
s6099	14	55	37
s6100	7	37	37
s6104	7	46	63
s6105	1	37	37
s6107	7	43	46
s6108	17	61	63
s6109	9	46	37
s6110	6	37	37
s6111	1	46	61
s6112	19	47	44
s6113	1	37	37
s6114	6	47	51
s6115	1	37	37
s6116	9	44	43
s6117	6	37	37
s6118	17	56	37
s6119	6	43	37
s6120	12	56	37
s6121	12	37	37
s6122	14	37	37
s6123	7	37	37
s6124	11	37	37
s6125	6	37	37
s6126	6	37	37
s6128	1	37	37
s6129	9	63	37
s6130	9	44	46
s6131	14	54	47
s6132	7	46	37
s6134	1	37	37
s6135	14	37	37
s6136	7	37	37
s6137	1	37	37
s6139	1	37	37
s6141	1	37	37
s6142	11	37	37
s6143	14	44	37
s6144	7	37	37
s6145	7	43	37
s6146	1	60	37
s6148	9	64	44
s6149	7	37	37
s6150	1	46	61
s6151	1	46	37
s6152	6	37	37
s6153	6	37	37
s6154	6	37	37
s6155	6	37	37
s6156	7	46	37
s6158	7	66	37
s6159	9	44	46
s6160	7	43	46
s6161	9	44	67
s6163	7	43	37
s6164	7	63	37
s6165	9	37	37
s6166	7	43	46
s6169	7	46	56
s6170	6	37	37
s6171	7	43	46
s6172	14	47	51
s6173	9	46	37
s6174	6	37	37
s6176	14	55	37
s6177	7	43	46
s6179	1	37	37
s6180	1	37	37
s6181	12	51	56
s6182	14	47	46
s6183	7	43	37
s6184	9	44	46
s6185	9	44	46
s6186	9	63	37
s6187	6	47	37
s6188	12	56	37
s6189	9	63	37
s6190	12	51	56
s6191	14	44	46
s6192	1	60	37
s6193	7	51	37
s6194	9	46	63
s6196	1	46	37
s6197	9	43	46
s6198	1	37	37
s6200	17	51	56
s6201	14	51	37
s6202	1	46	61
s6203	7	46	60
s6204	7	43	46
s6205	7	46	37
s6206	7	43	37
s6207	1	46	37
s6208	9	44	46
s6209	12	43	56
s6210	7	43	56
s6211	7	56	37
s6212	14	47	37
s6213	14	47	37
s6215	11	37	37
s6216	1	61	37
s6218	7	46	37
s6219	7	37	37
s6221	6	44	37
s6222	6	37	37
s6223	6	37	37
s6224	17	63	37
s6225	9	46	63
s6226	9	44	43
s6227	14	47	43
s6228	14	46	37
s6230	7	46	37
s6231	9	46	63
s6232	1	46	60
s6233	7	46	37
s6234	1	46	37
s6235	6	37	37
s6236	6	37	37
s6237	6	37	37
s6238	6	37	37
s6239	6	37	37
s6240	6	37	37
s6241	6	37	37
s6242	6	37	37
s6243	6	37	37
s6244	6	37	37
s6245	14	47	37
s6246	9	46	37
s6247	14	46	61
s6248	9	60	37
s6249	19	56	37
s6252	1	61	37
s6255	19	47	44
s6256	7	43	46
s6257	1	37	37
s6258	9	44	63
s6260	1	46	37
s6261	9	46	37
s6262	6	71	46
s6267	9	64	37
s6268	9	37	37
s6269	9	44	46
s6270	9	46	37
s6271	7	63	37
s6272	6	47	37
s6273	1	37	37
s6274	1	46	37
s6275	1	67	61
s6278	7	46	63
s6279	1	46	60
s6281	7	43	46
s6283	29	56	37
s6284	6	44	37
s6285	6	37	37
s6286	9	46	60
s6287	7	46	63
s6288	9	46	37
s6289	1	37	37
s6290	7	46	63
s6291	9	46	63
s6293	1	46	60
s6294	7	43	46
s6297	9	46	63
s6298	6	37	37
s6299	7	46	56
s6300	12	46	56
s6301	7	43	46
s6303	9	37	37
s6304	9	37	37
s6306	6	47	37
s6307	14	37	37
s6308	1	37	37
s6309	6	47	37
s6310	1	61	37
s6311	21	37	37
s6312	7	43	46
s6313	1	66	37
s6314	7	46	37
s6315	7	46	67
s6316	9	43	46
s6317	9	44	43
s6318	14	47	46
s6321	9	44	46
s6322	7	37	37
s6323	14	44	37
s6325	1	46	37
s6326	14	51	37
s6327	14	37	37
s6328	7	43	37
s6329	7	46	56
s6330	1	37	37
s6331	11	37	37
s6332	7	43	61
s6333	7	60	37
s6334	6	37	37
s6335	9	43	46
s6337	14	46	37
s6338	7	37	37
s6339	7	43	46
s6340	9	44	43
s6341	9	37	37
s6343	29	56	37
s6344	14	47	37
s6345	7	43	63
s6346	1	37	37
s6347	1	37	37
s6349	6	37	37
s6350	1	37	37
s6351	19	44	46
s6352	1	46	60
s6353	1	37	37
s6354	7	43	51
s6355	6	47	37
s6356	1	37	37
s6357	9	46	37
s6359	14	54	44
s6360	14	44	46
s6363	1	60	37
s6364	1	46	37
s6366	7	43	56
s6367	6	37	37
s6368	9	63	37
s6370	7	63	60
s6371	6	47	37
s6373	9	43	37
s6375	1	46	67
s6376	7	60	37
s6377	29	56	37
s6378	9	37	37
s6380	7	56	37
s6381	14	46	37
s6383	6	47	37
s6384	6	47	37
s6385	6	47	37
s6387	14	46	37
s6388	1	46	37
s6389	29	56	37
s6391	7	63	37
s6392	1	37	37
s6393	7	43	46
s6395	14	43	37
s6396	19	44	63
s6397	7	43	46
s6398	12	56	37
s6400	7	46	60
s6401	9	46	63
s6403	9	44	46
s6404	7	46	37
s6406	6	37	37
s6407	6	37	37
s6410	9	44	37
s6411	6	47	44
s6413	7	43	37
s6415	9	63	37
s6416	28	55	37
s6418	1	37	37
s6419	9	44	46
s6420	7	46	37
s6422	7	46	37
s6423	7	67	63
s6424	19	64	55
s6425	12	51	56
s6426	9	37	37
s6428	14	37	37
s6429	14	44	46
s6430	14	44	46
s6432	19	44	37
s6433	1	37	37
s6434	6	47	37
s6435	1	46	37
s6436	14	46	56
s6437	1	46	37
s6438	7	37	37
s6439	7	66	46
s6440	9	44	46
s6441	9	46	63
s6442	9	44	46
s6443	1	46	37
s6444	7	37	37
s6445	7	46	63
s6446	7	37	37
s6447	6	47	37
s6448	14	47	37
s6449	6	54	37
s6450	9	46	61
s6451	9	64	44
s6453	14	44	46
s6454	1	61	37
s6455	7	43	46
s6459	12	56	37
s6462	23	37	37
s6463	6	37	37
s6464	23	37	37
s6465	6	37	37
s6466	9	46	37
s6467	6	47	37
s6468	9	44	46
s6469	28	55	37
s6471	14	46	37
s6472	21	37	37
s6473	7	43	46
s6474	6	54	47
s6475	29	56	37
s6476	1	61	37
s6477	9	66	63
s6479	9	63	37
s6480	6	44	63
s6481	6	47	37
s6482	6	47	44
s6483	7	46	56
s6485	9	46	37
s6486	19	47	46
s6487	14	55	51
s6489	7	43	46
s6490	7	46	56
s6492	1	61	37
s6493	14	51	37
s6494	7	37	37
s6495	9	37	37
s6497	14	54	37
s6498	9	51	37
s6500	1	61	37
s6501	7	56	37
s6502	14	64	44
s6503	7	46	37
s6504	14	55	51
s6511	7	60	37
s6512	14	47	37
s6513	9	43	46
s6516	9	44	43
s6517	7	43	46
s6518	7	46	37
s6519	7	56	37
s6522	1	37	37
s6523	14	44	46
s6524	7	56	37
s6526	1	46	60
s6527	7	43	67
s6528	12	46	56
s6529	1	60	37
s6530	7	46	56
s6531	14	44	43
s6532	7	46	37
s6534	19	44	37
s6535	6	47	37
s6536	1	46	37
s6537	6	37	37
s6538	7	56	37
s6540	1	66	61
s6541	7	43	37
s6542	9	44	43
s6544	14	46	63
s6545	12	37	37
s6546	1	37	37
s6547	14	44	46
s6548	12	46	37
s6549	7	37	37
s6551	6	47	37
s6552	7	43	67
s6553	14	55	46
s6554	7	46	37
s6555	7	43	46
s6556	7	43	67
s6558	7	46	37
s6559	7	43	46
s6562	1	61	37
s6563	14	37	37
s6564	7	43	63
s6565	7	46	56
s6566	7	56	37
s6567	7	46	56
s6568	12	46	56
s6570	7	46	37
s6571	19	44	43
s6574	7	43	37
s6575	9	46	37
s6576	1	37	37
s6577	9	37	37
s6578	29	46	56
s6579	7	56	37
s6580	9	44	43
s6581	9	44	43
s6582	6	47	37
s6583	9	63	37
s6584	9	37	37
s6585	12	37	37
s6586	17	60	37
s6589	17	56	37
s6590	1	37	37
s6591	12	56	37
s6592	1	46	37
s6593	14	37	37
s6594	21	37	37
s6595	7	56	37
s6596	12	56	37
s6597	14	46	37
s6598	11	37	37
s6599	11	37	37
s6600	7	46	37
s6601	12	51	56
s6603	7	46	37
s6605	14	47	46
s6606	14	46	51
s6607	1	37	37
s6608	1	46	37
s6609	7	46	37
s6610	14	37	37
s6611	7	46	61
s6613	9	37	37
s6615	14	46	37
s6616	1	37	37
s6617	11	37	37
s6618	14	46	51
s6620	19	44	63
s6621	7	56	37
s6622	6	37	37
s6623	6	44	37
s6624	17	56	37
s6625	9	43	37
s6626	9	37	37
s6627	12	37	37
s6628	14	71	46
s6629	14	71	46
s6630	14	71	46
s6631	12	46	37
s6632	1	46	37
s6633	9	44	43
s6634	7	56	37
s6635	14	55	51
s6637	14	47	46
s6638	7	66	37
s6639	1	37	37
s6640	6	47	37
s6641	6	47	37
s6642	14	51	37
s6643	14	51	37
s6644	14	51	37
s6645	14	51	37
s6646	6	37	37
s6648	1	37	37
s6649	1	46	67
s6650	1	46	37
s6651	7	37	37
s6654	7	43	46
s6655	14	44	46
s6656	9	37	37
s6657	1	37	37
s6658	6	51	37
s6662	7	37	37
s6663	9	63	37
s6665	7	63	37
s6666	21	37	37
s6667	7	46	63
s6668	7	46	37
s6669	7	43	46
s6670	7	46	56
s6671	14	37	37
s6676	1	46	37
s6678	1	46	37
s6680	6	71	46
s6681	17	51	37
s6682	1	37	37
s6683	7	51	37
s6684	1	46	37
s6685	1	46	37
s6686	1	46	37
s6687	1	37	37
s6688	12	56	37
s6689	7	46	37
s6690	7	46	61
s6692	1	46	37
s6693	9	63	37
s6695	7	43	46
s6697	14	37	37
s6699	29	56	37
s6700	1	37	37
s6701	7	43	63
s6702	14	54	37
s6703	7	63	51
s6704	14	44	51
s6705	9	44	43
s6706	9	64	46
s6707	7	46	63
s6708	17	61	56
s6709	7	46	67
s6711	6	47	66
s6712	12	51	37
s6713	7	43	56
s6714	7	46	56
s6716	9	51	37
s6717	7	43	46
s6720	14	37	37
s6721	1	46	37
s6722	9	63	37
s6723	14	37	37
s6724	14	44	43
s6726	9	46	37
s6727	9	46	63
s6728	9	46	37
s6730	9	63	37
s6731	7	43	37
s6734	14	44	46
s6735	9	37	37
s6736	11	37	37
s6737	7	43	46
s6738	1	46	37
s6739	11	37	37
s6740	7	43	46
s6741	9	46	37
s6744	9	64	44
s6746	1	37	37
s6747	19	44	61
s6748	7	46	37
s6749	6	47	37
s6750	1	37	37
s6752	1	37	37
s6753	7	46	37
s6754	28	55	56
s6755	12	56	37
s6756	12	37	37
s6757	1	46	37
s6758	7	43	46
s6759	9	63	37
s6760	14	37	37
s6761	12	46	37
s6762	1	60	37
s6763	1	37	37
s6765	1	46	60
s6766	14	46	37
s6768	7	37	37
s6769	9	46	37
s6770	7	43	61
s6772	14	46	37
s6773	1	46	37
s6776	1	66	46
s6777	7	37	37
s6778	1	37	37
s6779	7	46	37
s6780	9	37	37
s6781	1	37	37
s6782	6	37	37
s6784	1	46	67
s6785	14	54	51
s6787	1	46	60
s6788	1	46	60
s6790	1	37	37
s6791	9	63	37
s6793	19	47	46
s6794	7	56	37
s6795	9	44	43
s6797	9	44	43
s6798	6	47	37
s6799	6	44	37
s6800	1	37	37
s6801	9	46	37
s6802	7	43	37
s6803	7	66	37
s6805	12	37	37
s6806	12	46	37
s6808	6	47	44
s6809	14	46	37
s6810	1	46	60
s6812	23	37	37
s6813	23	37	37
s6814	7	43	37
s6815	6	44	60
s6816	1	37	37
s6817	14	44	46
s6818	7	56	37
s6819	6	47	37
s6820	7	43	46
s6822	7	46	37
s6824	7	46	63
s6827	7	37	37
s6829	6	44	60
s6830	6	44	60
s6831	12	56	37
s6832	7	46	37
s6833	7	37	37
s6834	1	67	37
s6838	6	47	37
s6840	9	61	37
s6841	6	47	37
s6843	14	47	37
s6844	9	63	37
s6845	14	44	46
s6846	12	37	37
s6847	14	57	46
s6848	14	51	37
s6849	14	57	46
s6851	14	57	46
s6852	14	44	46
s6853	7	46	37
s6854	19	47	61
s6855	7	43	37
s6856	9	46	37
s6857	1	60	37
s6859	6	44	66
s6860	1	37	37
s6861	14	46	37
s6862	7	66	37
s6863	7	66	37
s6864	7	43	46
s6865	19	47	46
s6866	17	51	37
s6867	14	37	37
s6868	7	37	37
s6870	11	37	37
s6871	9	46	37
s6873	29	37	37
s6875	9	43	37
s6876	7	37	37
s6877	9	44	43
s6878	7	46	37
s6879	7	37	37
s6880	14	56	37
s6881	19	44	37
s6882	7	43	37
s6883	9	60	37
s6884	6	47	37
s6885	9	44	46
s6887	12	56	37
s6888	7	43	46
s6889	7	37	37
s6892	9	46	61
s6893	9	43	37
s6894	19	47	61
s6897	12	56	37
s6898	9	43	46
s6899	1	37	37
s6900	1	67	37
s6901	1	46	60
s6903	1	46	37
s6904	9	46	37
s6905	9	46	37
s6906	9	46	37
s6908	9	44	46
s6909	9	46	63
s6910	6	47	61
s6911	14	57	51
s6912	14	51	37
s6913	7	46	61
s6914	14	44	37
s6915	9	46	37
s6916	11	37	37
s6917	1	37	37
s6919	17	61	37
s6921	12	43	37
s6922	9	46	63
s6925	7	43	37
s6926	14	46	51
s6927	1	60	37
s6928	9	64	37
s6929	9	64	37
s6930	1	37	37
s6932	6	47	37
s6934	1	60	37
s6935	1	37	37
s6937	14	47	44
s6939	1	55	37
s6940	12	43	37
s6941	1	46	37
s6943	12	56	37
s6944	14	37	37
s6945	1	37	37
s6946	12	56	37
s6947	12	43	37
s6948	7	43	67
s6949	1	37	37
s6950	9	63	37
s6951	11	37	37
s6953	6	37	37
s6955	14	47	43
s6957	7	43	37
s6958	14	64	51
s6959	7	63	51
s6960	7	37	37
s6961	14	47	44
s6962	12	37	37
s6963	14	46	37
s6965	14	37	37
s6967	12	46	56
s6968	17	56	37
s6969	1	46	61
s6973	1	37	37
s6974	12	46	56
s6976	7	46	37
s6978	9	63	37
s6979	1	60	37
s6980	1	46	37
s6981	7	46	63
s6983	9	44	46
s6984	7	46	67
s6985	9	55	37
s6986	1	37	37
s6987	9	66	46
s6988	9	66	46
s6989	7	46	37
s6990	7	43	46
s6991	7	63	37
s6992	7	37	37
s6993	6	47	37
s6994	6	47	44
s6995	7	37	37
s6996	1	46	60
s6998	7	55	51
s7000	12	46	37
s7001	1	46	37
s7002	1	46	37
s7003	7	37	37
s7004	9	37	37
s7005	9	43	37
s7006	9	60	37
s7008	19	44	46
s7009	6	47	37
s7010	12	56	37
s7011	1	37	37
s7012	9	43	46
s7013	1	61	37
s7014	6	47	37
s7015	9	37	37
s7016	9	37	37
s7017	1	46	37
s7019	7	63	37
s7020	1	37	37
s7021	7	46	37
s7022	14	51	37
s7023	7	46	61
s7024	17	61	63
s7026	12	43	46
s7027	14	37	37
s7028	14	43	37
s7031	9	43	67
s7032	9	43	67
s7033	7	43	61
s7035	12	46	56
s7036	7	43	46
s7037	1	60	37
s7038	1	37	37
s7039	1	37	37
s7041	9	44	46
s7042	1	46	37
s7043	14	37	37
s7044	14	44	37
s7045	9	37	37
s7046	6	71	37
s7047	9	46	63
s7048	7	43	37
s7049	9	44	43
s7050	7	66	63
s7052	1	46	60
s7053	14	46	51
s7054	9	46	63
s7056	6	37	37
s7057	21	37	37
s7058	6	47	51
s7059	7	46	63
s7061	14	44	37
s7062	12	46	56
s7063	7	46	63
s7064	14	51	37
s7065	7	46	63
s7066	11	37	37
s7067	1	37	37
s7068	6	47	37
s7069	7	43	46
s7071	14	65	51
s7072	14	65	54
s7073	14	65	54
s7074	14	65	54
s7075	7	56	37
s7076	1	37	37
s7077	1	46	37
s7078	14	37	37
s7079	14	65	51
s7080	14	44	46
s7085	9	44	46
s7087	9	37	37
s7088	7	46	51
s7089	14	57	46
s7090	14	57	46
s7091	14	57	46
s7092	7	60	37
s7093	1	37	37
s7094	7	43	46
s7095	7	43	46
s7096	9	44	46
s7097	1	60	37
s7098	6	51	37
s7100	7	46	63
s7103	7	46	61
s7104	6	47	37
s7105	9	46	61
s7106	9	46	63
s7107	9	46	61
s7108	1	60	37
s7109	6	37	37
s7110	7	46	63
s7111	6	61	37
s7112	1	60	37
s7114	7	56	37
s7115	9	44	46
s7116	7	46	37
s7117	23	37	37
s7118	7	43	46
s7119	7	43	46
s7120	9	44	46
s7122	9	64	37
s7123	7	46	63
s7125	1	37	37
s7127	7	61	37
s7128	1	66	37
s7129	1	67	37
s7131	1	61	37
s7133	1	37	37
s7134	14	44	46
s7135	1	46	61
s7136	1	46	37
s7137	14	51	37
s7138	17	56	37
s7139	1	61	37
s7140	7	43	51
s7142	14	46	37
s7145	9	46	63
s7146	6	47	37
s7147	1	37	37
s7148	9	44	37
s7150	9	63	37
s7151	9	44	43
s7152	14	51	37
s7153	9	63	37
s7154	14	47	46
s7155	1	61	37
s7157	14	44	37
s7159	7	46	37
s7160	7	46	63
s7161	14	44	46
s7162	7	46	37
s7163	14	44	46
s7164	7	46	63
s7165	6	44	37
s7166	7	46	61
s7167	11	37	37
s7168	7	43	46
s7169	12	46	56
s7170	17	61	63
s7171	9	63	37
s7172	9	44	43
s7173	21	37	37
s7174	7	46	37
s7175	9	44	46
s7179	21	37	37
s7180	21	37	37
s7181	21	37	37
s7182	1	67	37
s7184	14	44	46
s7187	9	44	46
s7189	19	47	44
s7190	9	46	61
s7191	7	43	46
s7192	14	37	37
s7193	14	37	37
s7194	9	43	63
s7195	7	46	60
s7196	14	44	46
s7198	14	37	37
s7199	14	37	37
s7200	14	43	51
s7201	1	46	37
s7202	14	37	37
s7203	14	44	43
s7204	9	64	55
s7205	14	47	63
s7206	14	44	46
s7207	7	43	56
s7208	7	43	37
s7209	14	47	37
s7211	9	64	60
s7212	7	37	37
s7213	9	46	37
s7214	11	37	37
s7217	9	55	46
s7219	12	56	37
s7220	19	71	37
s7221	18	56	37
s7222	1	37	37
s7224	14	44	46
s7225	17	63	37
s7226	9	46	56
s7227	6	37	37
s7228	6	37	37
s7229	6	37	37
s7230	6	37	37
s7231	6	37	37
s7232	6	37	37
s7233	6	37	37
s7234	6	37	37
s7235	7	43	37
s7237	12	37	37
s7238	9	44	37
s7239	7	43	46
s7240	14	47	64
s7241	6	47	37
s7242	6	47	37
s7243	14	47	46
s7244	7	46	63
s7245	1	61	37
s7247	9	44	46
s7248	7	46	63
s7249	32	37	37
s7250	17	63	37
s7251	9	46	37
s7252	1	37	37
s7253	19	44	61
s7254	9	46	37
s7260	7	46	56
s7261	12	46	37
s7262	14	37	37
s7263	18	56	37
s7264	9	43	37
s7266	7	46	37
s7268	14	37	37
s7270	7	43	67
s7271	14	37	37
s7272	7	43	63
s7273	1	46	60
s7274	1	46	37
s7275	9	63	37
s7276	6	37	37
s7277	23	37	37
s7278	23	37	37
s7279	6	37	37
s7281	9	55	46
s7282	14	66	51
s7283	6	37	37
s7284	14	46	51
s7285	14	64	46
s7287	14	55	51
s7290	1	46	37
s7291	14	65	37
s7293	6	47	37
s7294	1	46	60
s7295	19	71	37
s7297	9	67	37
s7299	9	55	43
s7300	1	67	37
s7303	12	43	56
s7304	14	46	37
s7305	7	66	37
s7306	19	44	46
s7307	7	56	37
s7309	7	37	37
s7310	14	46	37
s7311	1	61	37
s7312	14	46	63
s7314	6	47	37
s7315	6	47	37
s7316	7	43	37
s7317	9	37	37
s7318	6	47	37
s7319	6	47	37
s7320	6	47	37
s7321	9	44	43
s7323	11	37	37
s7324	1	37	37
s7327	14	47	43
s7328	7	43	37
s7329	14	46	51
s7330	7	43	46
s7331	14	54	64
s7333	19	44	63
s7335	1	46	61
s7336	14	47	46
s7337	9	46	37
s7338	7	46	60
s7340	1	46	37
s7342	1	60	37
s7345	9	63	37
s7346	9	44	46
s7347	9	46	63
s7348	14	47	46
s7351	7	56	37
s7352	9	46	63
s7353	9	46	63
s7355	9	46	63
s7356	1	37	37
s7357	7	43	67
s7358	7	46	37
s7359	1	46	60
s7361	7	46	63
s7362	12	46	56
s7363	9	46	60
s7364	17	56	37
s7365	7	46	37
s7366	9	37	37
s7367	12	46	37
s7368	14	54	64
s7370	9	37	37
s7371	28	55	37
s7372	7	46	37
s7373	7	43	46
s7374	1	37	37
s7375	17	56	37
s7378	6	37	37
s7379	14	71	46
s7380	6	71	46
s7381	14	44	46
s7385	9	46	37
s7387	9	46	61
s7388	7	46	61
s7389	7	46	37
s7390	12	37	37
s7391	14	44	37
s7392	9	46	63
s7394	7	43	46
s7395	7	46	63
s7396	7	43	37
s7397	7	43	37
s7398	9	43	63
s7399	1	46	37
s7400	9	44	46
s7401	7	43	46
s7402	7	43	46
s7403	12	56	37
s7404	14	37	37
s7406	23	37	37
s7408	7	43	46
s7411	14	46	37
s7412	21	37	37
s7413	1	66	37
s7414	1	46	37
s7415	1	60	37
s7416	14	51	37
s7417	26	65	37
s7418	6	61	37
s7420	7	43	46
s7421	14	46	37
s7422	7	43	46
s7423	9	44	46
s7424	7	43	37
s7425	7	46	37
s7426	9	46	61
s7427	1	37	37
s7428	1	37	37
s7429	9	46	63
s7430	9	44	46
s7431	7	43	56
s7432	19	44	43
s7433	7	37	37
s7434	12	46	56
s7435	1	37	37
s7438	7	46	63
s7440	9	44	43
s7441	7	46	56
s7442	1	37	37
s7443	14	47	51
s7444	14	47	51
s7445	7	43	37
s7446	14	44	46
s7449	9	46	37
s7451	9	46	51
s7452	14	44	46
s7453	6	47	37
s7455	14	51	37
s7457	7	43	67
s7459	7	46	37
s7461	6	44	60
s7462	6	47	37
s7463	7	46	61
s7465	26	37	37
s7466	7	46	37
s7467	33	37	37
s7468	1	37	37
s7470	1	61	37
s7471	7	43	37
s7472	1	37	37
s7473	14	44	37
s7474	9	46	63
s7475	7	43	37
s7476	7	43	46
s7477	14	55	43
s7478	7	43	56
s7479	7	46	37
s7480	7	37	37
s7482	7	37	37
s7483	11	37	37
s7485	14	47	37
s7487	6	47	37
s7488	9	46	37
s7489	6	37	37
s7490	6	37	37
s7491	6	61	37
s7492	6	37	37
s7493	6	37	37
s7494	6	37	37
s7495	6	37	37
s7496	6	37	37
s7497	6	37	37
s7498	6	37	37
s7499	6	37	37
s7500	6	37	37
s7501	6	37	37
s7502	6	37	37
s7504	9	63	37
s7507	7	43	51
s7508	7	43	67
s7509	14	47	46
s7510	7	43	46
s7511	7	43	46
s7512	1	37	37
s7513	7	46	37
s7514	6	47	37
s7515	14	71	46
s7516	9	37	37
s7517	7	37	37
s7518	9	63	37
s7519	1	46	37
s7520	9	44	46
s7521	9	37	37
s7523	9	46	37
s7524	7	43	37
s7525	9	46	63
s7526	6	37	37
s7527	6	47	37
s7528	9	64	55
s7531	14	54	44
s7532	6	47	37
s7533	7	43	46
s7534	7	66	37
s7535	9	46	37
s7536	9	43	37
s7537	9	63	37
s7538	7	37	37
s7540	9	44	46
s7542	6	47	37
s7543	6	47	37
s7544	9	44	46
s7545	14	47	46
s7546	1	37	37
s7547	7	37	37
s7549	14	44	46
s7550	7	63	37
s7551	9	46	37
s7553	12	46	37
s7554	9	60	37
s7555	1	46	37
s7556	12	37	37
s7557	1	37	37
s7558	14	47	46
s7559	7	43	37
s7560	14	57	46
s7561	21	37	37
s7562	1	37	37
s7563	14	47	43
s7564	1	37	37
s7565	14	65	37
s7566	7	46	37
s7567	9	37	37
s7568	7	43	37
s7571	1	37	37
s7576	19	71	37
s7578	7	46	37
s7579	7	66	37
s7580	6	47	37
s7581	1	37	37
s7582	14	51	37
s7583	14	44	46
s7584	7	43	37
s7585	7	43	56
s7586	7	43	56
s7588	7	63	37
s7591	9	46	37
s7592	9	44	46
s7593	9	63	37
s7595	6	37	37
s7596	6	37	37
s7597	6	47	37
s7599	1	37	37
s7600	6	71	37
s7601	1	37	37
s7602	1	37	37
s7603	1	37	37
s7604	1	37	37
s7605	1	37	37
s7606	1	37	37
s7607	1	37	37
s7608	1	37	37
s7609	1	37	37
s7610	1	37	37
s7611	1	37	37
s7612	1	37	37
s7613	1	37	37
s7614	1	37	37
s7615	1	37	37
s7616	1	37	37
s7617	1	37	37
s7618	1	37	37
s7619	23	37	37
s7620	7	56	37
s7621	7	37	37
s7622	1	61	37
s7623	7	37	37
s7626	1	46	37
s7627	1	46	61
s7631	7	43	46
s7632	7	43	46
s7634	1	46	61
s7635	9	44	43
s7636	1	46	37
s7637	14	51	37
s7638	14	54	47
s7639	14	47	37
s7640	14	47	37
s7642	9	46	37
s7643	14	37	37
s7644	9	55	46
s7645	9	55	46
s7646	9	55	46
s7648	1	37	37
s7651	9	46	63
s7652	14	46	37
s7653	1	66	37
s7654	7	46	37
s7655	1	61	37
s7656	1	61	37
s7657	1	61	37
s7658	1	61	37
s7659	7	46	37
s7660	14	54	46
s7661	7	46	63
s7662	1	61	37
s7663	1	46	61
s7664	7	37	37
s7665	1	37	37
s7666	7	46	61
s7668	28	43	56
s7669	1	46	37
s7670	6	47	37
s7671	14	44	46
s7673	14	46	37
s7674	1	37	37
s7677	14	46	37
s7678	9	44	43
s7679	14	46	37
s7681	9	44	46
s7682	7	43	46
s7683	7	46	37
s7684	1	46	37
s7685	12	56	37
s7686	9	44	46
s7687	14	37	37
s7688	12	46	37
s7689	9	43	46
s7691	7	63	37
s7692	7	46	37
s7693	1	46	37
s7695	14	46	37
s7696	14	44	37
s7697	7	37	37
s7698	7	46	37
s7700	1	46	60
s7701	7	46	63
s7702	11	37	37
s7703	9	44	46
s7704	7	43	63
s7705	12	56	37
s7707	7	46	63
s7708	7	43	46
s7709	19	64	71
s7712	14	37	37
s7713	7	46	60
s7714	1	37	37
s7715	14	37	37
s7716	9	46	63
s7717	14	47	37
s7718	7	46	37
s7720	9	46	37
s7721	9	55	46
s7723	23	37	37
s7724	7	46	37
s7725	6	47	63
s7727	7	67	37
s7728	1	37	37
s7729	11	37	37
s7731	7	46	56
s7732	1	37	37
s7733	6	47	37
s7734	7	46	56
s7735	14	44	46
s7736	19	44	67
s7737	17	63	37
s7738	12	46	37
s7739	9	46	63
s7740	7	43	46
s7741	6	71	37
s7742	33	37	37
s7743	7	43	46
s7745	7	46	61
s7746	7	46	37
s7747	7	43	46
s7750	14	51	37
s7751	7	46	37
s7752	14	54	44
s7753	7	37	37
s7754	1	46	37
s7755	1	66	46
s7756	14	65	47
s7758	7	43	63
s7759	7	43	67
s7775	23	37	37
s7776	6	37	37
s7777	23	37	37
s7779	23	37	37
s7781	6	51	37
s7782	23	37	37
s7788	6	37	37
s7789	6	37	37
s7790	7	43	46
s7791	19	71	37
s7792	17	63	37
s7793	1	37	37
s7794	7	56	37
s7795	9	46	63
s7797	7	43	67
s7798	9	63	37
s7800	1	37	37
s7802	14	44	46
s7803	19	64	44
s7804	7	46	37
s7805	14	37	37
s7806	9	44	46
s7808	1	60	37
s7810	14	37	37
s7812	7	37	37
s7815	6	47	37
s7817	6	37	37
s7818	7	43	37
s7819	1	46	60
s7820	7	46	37
s7821	19	44	60
s7822	7	46	37
s7823	1	37	37
s7824	14	47	46
s7825	7	46	63
s7826	9	44	43
s7827	6	47	37
s7828	19	44	46
s7830	7	46	37
s7831	9	44	46
s7832	14	55	46
s7833	12	46	56
s7834	7	46	61
s7835	1	37	37
s7837	7	46	37
s7838	9	46	63
s7840	19	44	37
s7842	7	37	37
s7844	12	37	37
s7845	14	64	37
s7846	7	46	37
s7847	1	46	37
s7849	1	37	37
s7850	14	44	46
s7852	1	61	37
s7853	14	47	46
s7854	14	44	37
s7855	7	63	37
s7856	7	51	37
s7858	14	55	51
s7859	1	61	37
s7860	1	37	37
s7861	14	47	46
s7862	7	46	37
s7864	14	44	43
s7866	7	63	37
s7867	7	43	46
s7869	7	56	37
s7870	7	46	37
s7872	12	46	37
s7874	7	43	46
s7875	7	43	46
s7876	7	46	37
s7877	1	46	37
s7878	14	43	46
s7880	14	54	44
s7881	7	60	37
s7882	7	60	37
s7883	7	60	37
s7884	7	60	37
s7885	14	51	37
s7886	7	46	37
s7887	1	37	37
s7888	1	37	37
s7889	14	47	61
s7890	7	43	37
s7891	9	43	37
s7892	6	43	37
s7894	1	46	61
s7895	19	55	56
s7896	7	37	37
s7899	7	43	46
s7900	14	43	37
s7901	14	47	46
s7902	9	63	37
s7903	14	46	61
s7904	9	63	37
s7905	7	63	37
s7906	11	37	37
s7908	6	47	60
s7910	21	37	37
s7911	7	46	37
s7912	1	46	37
s7913	14	37	37
s7914	7	43	46
s7915	1	46	37
s7916	7	46	63
s7917	9	51	37
s7918	7	46	63
s7920	1	46	37
s7921	9	43	63
s7922	7	46	37
s7923	7	46	63
s7924	7	46	61
s7925	7	46	37
s7926	7	46	37
s7927	7	46	37
s7928	9	46	37
s7929	14	44	66
s7930	6	37	37
s7931	19	71	37
s7932	9	44	46
s7933	19	44	46
s7934	6	47	37
s7935	6	37	37
s7936	7	46	37
s7937	9	46	61
s7938	14	47	46
s7939	7	46	37
s7940	7	46	37
s7941	7	66	46
s7942	1	61	37
s7944	7	46	61
s7945	9	64	44
s7946	7	67	37
s7947	14	43	37
s7948	9	46	63
s7950	9	44	37
s7951	7	37	37
s7952	9	44	43
s7953	6	37	37
s7955	19	47	43
s7956	9	55	37
s7957	9	55	37
s7958	19	44	37
s7959	9	44	37
s7960	6	37	37
s7961	14	47	64
s7962	12	37	37
s7963	12	37	37
s7964	14	37	37
s7965	6	54	44
s7966	1	46	61
s7967	14	51	37
s7968	7	46	61
s7970	7	56	37
s7971	1	46	37
s7972	1	46	37
s7973	1	46	37
s7974	1	46	37
s7975	1	46	37
s7976	1	37	37
s7977	1	37	37
s7978	1	37	37
s7979	1	46	37
s7980	1	46	37
s7981	9	46	37
s7982	1	46	60
s7984	7	43	46
s7986	14	37	37
s7987	9	44	63
s7988	9	44	63
s7989	7	46	63
s7990	9	44	46
s7991	7	37	37
s7993	9	46	37
s7995	7	46	56
s7996	7	43	46
s7997	9	46	61
s7998	7	46	37
s7999	12	37	37
s8000	7	46	37
s8001	1	37	37
s8002	12	56	37
s8004	14	47	37
s8005	14	44	46
s8006	23	37	37
s8007	23	37	37
s8008	23	37	37
s8009	7	46	37
s8010	7	43	37
s8011	6	47	37
s8012	1	61	37
s8013	7	46	56
s8014	12	46	37
s8015	7	46	56
s8017	7	43	46
s8018	14	43	37
s8019	12	37	37
s8020	1	37	37
s8024	14	44	46
s8025	9	46	63
s8026	14	44	51
s8027	12	46	37
s8028	12	37	37
s8029	9	44	63
s8030	14	37	37
s8033	14	47	37
s8034	14	46	37
s8035	1	60	37
s8036	14	51	37
s8037	9	44	43
s8038	9	63	37
s8039	7	43	37
s8040	11	37	37
s8042	14	44	46
s8043	14	47	51
s8044	9	44	43
s8045	1	60	37
s8046	9	37	37
s8047	14	44	37
s8048	9	46	63
s8049	1	37	37
s8050	7	46	37
s8051	9	43	46
s8052	14	65	51
s8053	14	65	51
s8054	14	46	51
s8055	7	63	37
s8056	9	63	37
s8057	14	44	43
s8058	1	60	37
s8060	7	66	60
s8061	12	43	37
s8062	1	37	37
s8064	7	61	37
s8066	9	44	43
s8067	1	60	37
s8068	14	51	37
s8069	14	47	37
s8070	1	37	37
s8072	7	43	37
s8073	9	64	44
s8074	7	46	60
s8075	6	47	37
s8076	6	47	37
s8077	6	47	37
s8078	14	47	46
s8079	12	43	37
s8080	11	37	37
s8081	14	37	37
s8082	1	37	37
s8083	14	65	51
s8085	7	43	46
s8087	1	46	37
s8088	9	37	37
s8089	9	46	37
s8090	12	37	37
s8091	7	46	37
s8092	12	46	37
s8093	1	37	37
s8096	12	56	37
s8097	1	46	60
s8099	9	46	63
s8100	9	43	67
s8101	7	56	37
s8102	9	63	37
s8104	19	47	63
s8105	1	46	67
s8106	19	47	64
s8107	9	44	37
s8109	14	44	46
s8111	6	47	37
s8112	14	44	37
s8113	7	46	56
s8114	9	46	61
s8115	9	44	46
s8116	17	56	37
s8117	7	46	63
s8119	9	44	63
s8120	7	46	60
s8121	7	43	46
s8123	6	37	37
s8124	7	43	56
s8125	9	44	46
s8127	9	64	37
s8128	14	54	44
s8129	14	51	37
s8131	9	37	37
s8132	7	46	63
s8134	1	37	37
s8135	1	67	37
s8136	1	37	37
s8137	7	43	46
s8139	7	55	61
s8140	7	43	56
s8141	9	44	43
s8142	14	44	46
s8143	14	46	37
s8145	7	46	61
s8146	7	46	37
s8147	9	63	37
s8150	14	46	63
s8151	17	56	37
s8152	6	37	37
s8153	6	37	37
s8154	9	46	37
s8155	6	37	37
s8156	1	37	37
s8157	7	46	56
s8158	7	43	67
s8159	6	47	37
s8160	6	47	37
s8161	14	47	37
s8162	9	46	61
s8163	6	37	37
s8164	7	46	37
s8165	7	43	46
s8167	14	51	37
s8168	14	51	37
s8169	1	46	37
s8170	12	43	56
s8171	9	46	63
s8172	14	46	61
s8177	1	60	37
s8178	14	44	46
s8179	1	46	37
s8180	7	56	37
s8182	6	37	37
s8184	6	37	37
s8185	6	37	37
s8186	7	46	51
s8187	14	44	46
s8188	9	44	63
s8189	12	37	37
s8191	6	47	37
s8192	1	37	37
s8193	9	44	46
s8195	9	44	46
s8196	14	47	43
s8197	14	37	37
s8198	14	37	37
s8199	12	43	56
s8201	7	37	37
s8202	9	37	37
s8203	1	37	37
s8204	14	46	37
s8205	12	56	37
s8206	19	71	37
s8211	1	37	37
s8212	12	37	37
s8213	12	43	56
s8214	7	60	37
s8216	1	37	37
s8218	14	51	37
s8219	7	46	63
s8220	14	47	63
s8221	18	56	37
s8222	12	43	56
s8223	7	43	46
s8224	7	56	37
s8225	7	43	60
s8226	6	44	46
s8227	9	44	63
s8228	7	46	63
s8229	14	51	37
s8230	9	44	37
s8231	9	46	37
s8232	14	44	46
s8233	12	56	37
s8234	29	56	37
s8235	7	43	46
s8237	7	56	37
s8238	28	55	37
s8239	1	60	37
s8240	7	66	37
s8241	14	44	46
s8242	7	46	56
s8243	12	56	37
s8245	7	46	61
s8246	7	46	56
s8247	7	43	46
s8248	7	66	37
s8249	6	47	37
s8250	19	44	37
s8252	7	43	37
s8253	9	63	37
s8254	9	44	43
s8255	7	46	51
s8256	9	46	56
s8257	12	56	37
s8259	6	47	37
s8260	14	64	51
s8261	9	64	46
s8262	19	43	56
s8264	9	37	37
s8265	7	46	37
s8266	7	46	63
s8267	6	37	37
s8268	7	46	37
s8269	14	43	46
s8270	7	37	37
s8271	1	60	37
s8273	7	56	37
s8274	7	46	37
s8275	12	56	37
s8276	1	55	37
s8277	12	56	37
s8279	1	37	37
s8280	12	51	56
s8281	7	46	37
s8282	11	37	37
s8284	7	37	37
s8285	14	47	37
s8286	14	47	37
s8287	7	46	37
s8289	7	43	37
s8290	29	51	56
s8291	19	64	55
s8292	7	63	37
s8293	12	43	37
s8295	1	46	37
s8296	9	43	67
s8297	7	60	37
s8298	12	46	56
s8299	12	37	37
s8300	7	43	37
s8301	9	46	37
s8302	9	37	37
s8304	14	64	46
s8305	6	47	37
s8306	6	47	63
s8307	14	44	46
s8308	14	51	37
s8309	1	37	37
s8310	14	46	37
s8311	12	37	37
s8313	7	37	37
s8314	1	60	37
s8315	7	56	37
s8318	9	44	46
s8319	1	60	37
s8320	7	43	56
s8321	7	56	37
s8323	12	43	46
s8324	9	44	63
s8325	7	43	56
s8326	9	37	37
s8327	7	66	37
s8328	7	66	37
s8329	7	66	37
s8330	7	66	37
s8331	14	44	46
s8333	14	54	64
s8334	14	44	37
s8336	14	47	37
s8338	12	37	37
s8339	12	56	37
s8340	6	44	66
s8341	1	37	37
s8342	7	37	37
s8343	12	37	37
s8344	7	46	37
s8345	7	43	37
s8346	14	37	37
s8347	9	66	46
s8349	1	37	37
s8351	1	46	61
s8352	14	51	37
s8353	9	44	37
s8355	14	37	37
s8356	1	60	37
s8357	14	51	37
s8359	17	51	56
s8360	6	37	37
s8361	6	47	37
s8362	6	44	37
s8363	9	44	37
s8364	7	46	56
s8365	7	46	37
s8366	9	63	37
s8368	12	43	56
s8370	7	46	37
s8371	1	46	37
s8373	9	44	63
s8375	7	46	37
s8376	7	56	37
s8378	7	46	37
s8381	7	63	51
s8382	6	66	37
s8383	1	46	37
s8384	19	44	37
s8385	12	43	56
s8386	7	37	37
s8387	9	46	37
s8388	1	37	37
s8389	1	37	37
s8390	7	60	37
s8391	1	37	37
s8392	9	44	46
s8394	9	43	37
s8395	6	44	37
s8396	6	37	37
s8397	7	46	56
s8399	9	46	63
s8400	12	46	37
s8401	1	66	37
s8402	19	47	60
s8403	9	44	60
s8404	1	46	37
s8405	14	51	37
s8406	14	51	37
s8407	9	60	37
s8408	1	46	37
s8409	7	46	37
s8410	9	46	51
s8411	1	37	37
s8413	1	61	37
s8414	14	63	37
s8415	14	51	37
s8416	14	51	37
s8417	14	51	37
s8418	1	37	37
s8419	7	46	37
s8420	19	71	37
s8421	9	37	37
s8426	7	43	46
s8427	12	43	37
s8428	7	37	37
s8431	6	47	37
s8433	7	46	61
s8434	9	37	37
s8435	9	64	37
s8436	19	44	60
s8437	19	71	37
s8439	9	43	63
s8441	1	46	37
s8442	6	37	37
s8444	9	44	43
s8445	9	46	37
s8446	14	47	37
s8447	14	47	37
s8448	7	43	67
s8449	14	37	37
s8450	7	56	37
s8451	1	46	60
s8452	9	44	37
s8453	7	61	63
s8454	14	44	46
s8455	6	47	37
s8456	6	37	37
s8457	7	37	37
s8458	6	47	37
s8459	7	43	37
s8460	7	46	56
s8461	9	46	37
s8462	6	37	37
s8463	1	37	37
s8464	9	44	46
s8465	14	37	37
s8466	9	63	37
s8467	6	37	37
s8468	14	44	46
s8469	1	37	37
s8470	7	37	37
s8471	1	60	37
s8473	6	44	46
s8474	7	56	37
s8476	1	46	37
s8478	1	60	37
s8479	1	60	37
s8480	1	60	37
s8481	7	43	46
s8482	7	46	37
s8484	12	46	37
s8485	12	43	51
s8486	7	46	63
s8487	12	56	37
s8488	7	46	37
s8489	7	43	37
s8490	14	37	37
s8492	1	46	61
s8493	11	37	37
s8494	17	56	37
s8495	9	44	37
s8496	7	43	37
s8497	7	43	46
s8498	9	44	43
s8499	7	56	37
s8500	7	37	37
s8501	1	37	37
s8502	6	47	37
s8503	1	37	37
s8505	9	46	61
s8506	7	37	37
s8507	19	47	43
s8508	18	56	37
s8509	12	43	46
s8510	7	46	63
s8512	7	37	37
s8513	14	63	51
s8514	7	43	63
s8515	7	43	46
s8516	14	65	47
s8517	1	46	37
s8518	7	43	56
s8521	11	37	37
s8522	1	46	37
s8523	12	37	37
s8525	1	37	37
s8526	14	37	37
s8527	7	56	37
s8528	28	55	43
s8529	7	46	37
s8530	9	44	43
s8531	1	37	37
s8532	14	51	37
s8533	7	63	51
s8535	7	43	60
s8536	11	37	37
s8537	9	37	37
s8538	11	37	37
s8539	1	46	37
s8541	14	47	37
s8543	9	63	37
s8544	12	46	37
s8547	7	46	37
s8548	1	37	37
s8549	12	56	37
s8551	14	44	46
s8553	7	46	37
s8554	6	37	37
s8555	9	60	37
s8556	12	46	37
s8557	9	46	63
s8559	12	43	37
s8560	12	56	37
s8562	1	46	37
s8563	9	44	66
s8564	7	46	37
s8565	14	37	37
s8566	1	37	37
s8567	11	37	37
s8569	9	46	37
s8570	14	47	46
s8571	1	37	37
s8572	7	46	63
s8573	1	61	37
s8574	1	37	37
s8577	9	46	63
s8578	1	46	61
s8579	7	43	46
s8580	14	46	60
s8581	14	47	51
s8582	6	37	37
s8583	7	46	37
s8584	7	46	37
s8585	14	46	37
s8586	9	44	46
s8587	7	56	37
s8588	19	71	37
s8590	7	46	56
s8591	7	46	37
s8592	9	44	46
s8595	6	37	37
s8596	7	43	51
s8598	1	37	37
s8599	9	64	67
s8602	1	46	61
s8603	6	47	37
s8604	14	37	37
s8607	7	43	46
s8608	9	44	63
s8609	9	37	37
s8611	14	37	37
s8612	7	43	46
s8613	12	46	37
s8614	14	55	46
s8615	9	64	44
s8616	7	56	37
s8617	18	56	37
s8618	7	43	56
s8619	9	44	43
s8620	1	44	46
s8621	1	37	37
s8622	9	64	55
s8623	9	55	51
s8624	9	55	51
s8625	9	55	51
s8626	9	55	51
s8627	14	47	55
s8628	7	37	37
s8629	9	44	43
s8630	14	44	46
s8631	17	56	37
s8632	1	61	37
s8633	1	46	37
s8635	14	37	37
s8636	19	44	37
s8637	7	37	37
s8638	7	43	37
s8639	9	55	43
s8640	7	66	46
s8641	19	71	37
s8642	6	47	37
s8643	12	37	37
s8644	1	46	37
s8646	12	43	56
s8648	7	46	37
s8649	11	37	37
s8650	7	43	63
s8651	1	46	37
s8652	1	60	37
s8653	7	46	56
s8655	7	46	37
s8656	6	47	37
s8657	1	37	37
s8658	14	71	60
s8659	7	43	46
s8660	14	65	47
s8661	19	71	37
s8662	9	44	43
s8663	7	43	46
s8664	17	56	37
s8665	9	44	63
s8666	7	43	46
s8667	14	47	46
s8668	14	37	37
s8669	14	44	51
s8671	14	37	37
s8672	14	44	46
s8673	9	44	46
s8674	1	37	37
s8675	7	37	37
s8676	7	37	37
s8677	14	51	37
s8678	1	37	37
s8679	7	56	37
s8681	7	46	37
s8682	7	46	37
s8683	9	44	46
s8684	7	46	56
s8686	7	37	37
s8687	14	46	37
s8688	14	46	51
s8689	7	46	37
s8690	9	43	37
s8692	7	37	37
s8693	1	37	37
s8694	7	43	56
s8695	14	37	37
s8696	9	44	46
s8697	7	37	37
s8698	14	47	37
s8699	12	43	46
s8700	9	44	46
s8702	1	37	37
s8703	1	37	37
s8704	7	43	61
s8705	11	37	37
s8706	9	46	63
s8707	7	43	37
s8708	1	46	37
s8709	9	44	43
s8710	7	46	37
s8712	7	43	46
s8714	9	46	37
s8715	6	37	37
s8716	7	43	37
s8717	9	55	43
s8718	19	44	46
s8719	1	60	37
s8720	9	44	46
s8723	12	56	37
s8724	1	37	37
s8725	7	56	37
s8726	7	46	63
s8728	1	46	37
s8729	1	46	37
s8730	14	47	44
s8731	9	37	37
s8732	9	44	43
s8733	18	56	37
s8734	9	43	56
s8735	1	67	61
s8736	19	44	43
s8738	1	37	37
s8739	1	37	37
s8740	1	37	37
s8743	14	47	51
s8744	7	43	37
s8745	1	46	60
s8746	6	54	47
s8747	1	46	37
s8749	19	44	37
s8751	7	43	37
s8752	9	44	43
s8753	6	44	37
s8754	7	43	37
s8755	7	43	60
s8757	1	61	37
s8758	14	44	37
s8760	23	37	37
s8761	12	43	56
s8762	9	46	63
s8763	7	46	37
s8764	1	37	37
s8765	14	37	37
s8766	12	37	37
s8767	14	60	37
s8768	14	37	37
s8769	7	43	46
s8770	7	43	46
s8771	7	46	63
s8772	7	46	61
s8773	14	47	46
s8774	9	44	46
s8775	7	43	46
s8777	6	47	37
s8778	17	67	63
s8779	17	67	63
s8780	17	67	63
s8782	26	65	37
s8783	9	55	43
s8785	6	37	37
s8787	6	37	37
s8788	9	63	37
s8789	7	46	37
s8790	9	44	46
s8791	14	47	37
s8792	9	44	43
s8793	14	46	37
s8794	6	47	37
s8795	7	43	46
s8799	9	44	46
s8800	7	46	37
s8802	7	46	56
s8803	28	44	56
s8805	9	55	37
s8806	6	47	37
s8807	7	46	61
